id,title,url,detail_url,gallery,gallery_sitetypes,gallery_industry,site_type,industry,overseas,thumb,fetched_at
muuuuu-10004,https://spur.hpplus.jp/,https://spur.hpplus.jp/,https://muuuuu.org/industry/fashionall/10004.html,muuuuu,portal,fashionall,public,fashionall,,,2026-09-08T17:00:31+09:00
muuuuu-10063,https://yokanavi.com/,https://yokanavi.com/,https://muuuuu.org/industry/trip/10063.html,muuuuu,portal,trip,public,trip,,,2026-09-08T17:00:31+09:00
muuuuu-10086,http://weekend-sendai.com/,http://weekend-sendai.com/,https://muuuuu.org/industry/trip/10086.html,muuuuu,owned-media,trip,media,trip,,,2026-09-08T17:00:31+09:00
muuuuu-10157,http://www.awajishimahighwayoasis.com/,http://www.awajishimahighwayoasis.com/,https://muuuuu.org/industry/trip/10157.html,muuuuu,owned-media,trip,media,trip,,,2026-09-08T17:00:31+09:00
muuuuu-10171,http://www.kmj-ab.co.jp/,http://www.kmj-ab.co.jp/,https://muuuuu.org/industry/company/10171.html,muuuuu,portal,company,public,company,,,2026-09-08T17:00:31+09:00
muuuuu-10177,http://mottainai.info/jp/,http://mottainai.info/jp/,https://muuuuu.org/industry/interior/10177.html,muuuuu,owned-media,interior,media,interior,,,2026-09-08T17:00:31+09:00
muuuuu-10180,http://graphika-inc.com/tsubame_antenna/,http://graphika-inc.com/tsubame_antenna/,https://muuuuu.org/industry/art/10180.html,muuuuu,portal,art,public,art,,,2026-09-08T17:00:31+09:00
muuuuu-10194,http://www.qetic.jp/,http://www.qetic.jp/,https://muuuuu.org/industry/music/10194.html,muuuuu,"owned-media,webmagazine,portal",music,media,music,,,2026-09-08T17:00:31+09:00
muuuuu-10213,https://thefwa.com/awards/,https://thefwa.com/awards/,https://muuuuu.org/industry/art/10213.html,muuuuu,"owned-media,portal",art,media,art,,,2026-09-08T17:00:31+09:00
muuuuu-10289,http://nagoya-grampus.jp/,http://nagoya-grampus.jp/,https://muuuuu.org/industry/sports/10289.html,muuuuu,portal,sports,public,sports,,,2026-09-08T17:00:31+09:00
muuuuu-10314,http://gl.gloops.com/,http://gl.gloops.com/,https://muuuuu.org/industry/entertainment/10314.html,muuuuu,"owned-media,webmagazine",entertainment,media,entertainment,,,2026-09-08T17:00:31+09:00
muuuuu-10325,https://popmontreal.com/en/,https://popmontreal.com/en/,https://muuuuu.org/industry/music/10325.html,muuuuu,owned-media,music,media,music,,,2026-09-08T17:00:31+09:00
muuuuu-10332,http://cp.okinawastory.jp/,http://cp.okinawastory.jp/,https://muuuuu.org/industry/area/10332.html,muuuuu,"owned-media,portal",area,media,area,,,2026-09-08T17:00:31+09:00
muuuuu-10436,http://www.newyorker.co.jp/magazine/,http://www.newyorker.co.jp/magazine/,https://muuuuu.org/industry/interior/10436.html,muuuuu,"owned-media,webmagazine,portal",fashionall,media,fashionall,,,2026-09-08T17:00:31+09:00
muuuuu-10479,https://schoo.jp/,https://schoo.jp/,https://muuuuu.org/industry/school/10479.html,muuuuu,portal,school,public,school,,,2026-09-08T17:00:31+09:00
muuuuu-10497,http://milkjapon.com/,http://milkjapon.com/,https://muuuuu.org/industry/kids/10497.html,muuuuu,"owned-media,webmagazine","kids,kids,kids,kids,kids",media,kids,,,2026-09-08T17:00:31+09:00
muuuuu-10513,http://port.cinra.co.jp/,http://port.cinra.co.jp/,https://muuuuu.org/industry/technology/10513.html,muuuuu,webmagazine,technology,media,technology,,,2026-09-08T17:00:31+09:00
muuuuu-10533,http://grind-mag.com/,http://grind-mag.com/,https://muuuuu.org/industry/fashionall/10533.html,muuuuu,webmagazine,fashionall,media,fashionall,,,2026-09-08T17:00:31+09:00
muuuuu-10610,http://www.gorki.de/,http://www.gorki.de/,https://muuuuu.org/industry/art/10610.html,muuuuu,webmagazine,art,media,art,,,2026-09-08T17:00:31+09:00
muuuuu-10616,http://talking-ultrasuede.jp/,http://talking-ultrasuede.jp/,https://muuuuu.org/industry/fashionall/10616.html,muuuuu,webmagazine,fashionall,media,fashionall,,,2026-09-08T17:00:31+09:00
muuuuu-10676,http://toshin-sekai.com/,http://toshin-sekai.com/,https://muuuuu.org/industry/school/10676.html,muuuuu,"owned-media,webmagazine",school,media,school,,,2026-09-08T17:00:31+09:00
muuuuu-10756,https://mr-lead.com/,https://mr-lead.com/,https://muuuuu.org/industry/finance/10756.html,muuuuu,portal,finance,public,finance,,,2026-09-08T17:00:31+09:00
muuuuu-10779,https://entertainmentstation.jp/,https://entertainmentstation.jp/,https://muuuuu.org/industry/entertainment/10779.html,muuuuu,"owned-media,webmagazine","entertainment,music",media,entertainment,,,2026-09-08T17:00:31+09:00
muuuuu-10789,https://www.coachella.com/,https://www.coachella.com/,https://muuuuu.org/industry/music/10789.html,muuuuu,portal,music,public,music,,,2026-09-08T17:00:31+09:00
muuuuu-10828,https://southamptonfc.com/,https://southamptonfc.com/,https://muuuuu.org/industry/sports/10828.html,muuuuu,portal,sports,public,sports,,,2026-09-08T17:00:31+09:00
muuuuu-10840,https://golden-center.com/,https://golden-center.com/,https://muuuuu.org/industry/trip/10840.html,muuuuu,portal,trip,public,trip,,,2026-09-08T17:00:31+09:00
muuuuu-10866,http://seikatsusoken.jp/teiten/,http://seikatsusoken.jp/teiten/,,muuuuu,"owned-media,portal",,media,other,,,2026-09-08T17:00:31+09:00
muuuuu-10890,http://voicecream.jp/,http://voicecream.jp/,https://muuuuu.org/industry/trip/10890.html,muuuuu,portal,trip,public,trip,,,2026-09-08T17:00:31+09:00
muuuuu-10893,https://www.yatzer.com/,https://www.yatzer.com/,https://muuuuu.org/industry/art/10893.html,muuuuu,"webmagazine,portal",art,media,art,,,2026-09-08T17:00:31+09:00
muuuuu-10916,http://mediashop.daimaru-matsuzakaya.jp/hajimekata/,http://mediashop.daimaru-matsuzakaya.jp/hajimekata/,https://muuuuu.org/industry/interior/10916.html,muuuuu,owned-media,interior,media,interior,,,2026-09-08T17:00:31+09:00
muuuuu-10926,https://uuuuu.work/,https://uuuuu.work/,https://muuuuu.org/industry/area/10926.html,muuuuu,webmagazine,area,media,area,,,2026-09-08T17:00:31+09:00
muuuuu-10933,https://www.mendo.nl/,https://www.mendo.nl/,https://muuuuu.org/industry/art/10933.html,muuuuu,"webmagazine,portal",art,media,art,,,2026-09-08T17:00:31+09:00
muuuuu-10983,http://edgeofart.jp/,http://edgeofart.jp/,https://muuuuu.org/industry/art/10983.html,muuuuu,owned-media,art,media,art,,,2026-09-08T17:00:31+09:00
muuuuu-11012,http://blog.trymore-inc.jp/,http://blog.trymore-inc.jp/,,muuuuu,"owned-media,webmagazine",,media,other,,,2026-09-08T17:00:31+09:00
muuuuu-11022,https://service.plan-b.co.jp/,https://service.plan-b.co.jp/,https://muuuuu.org/industry/technology/11022.html,muuuuu,"webmagazine,portal",technology,media,technology,,,2026-09-08T17:00:31+09:00
muuuuu-11068,https://bau-s.jp/,https://bau-s.jp/,https://muuuuu.org/industry/art/11068.html,muuuuu,portal,art,public,art,,,2026-09-08T17:00:31+09:00
muuuuu-11082,http://vioro.jp/,http://vioro.jp/,https://muuuuu.org/industry/shopping/11082.html,muuuuu,portal,shopping,public,shopping,,,2026-09-08T17:00:31+09:00
muuuuu-11126,http://www.lechappeevolee.com/,http://www.lechappeevolee.com/,https://muuuuu.org/industry/technology/11126.html,muuuuu,webmagazine,technology,media,technology,,,2026-09-08T17:00:31+09:00
muuuuu-11146,https://www.quantamagazine.org/,https://www.quantamagazine.org/,https://muuuuu.org/industry/finance/11146.html,muuuuu,webmagazine,"education-service,finance",media,education-service,,,2026-09-08T17:00:31+09:00
muuuuu-11181,http://freedom.harley-davidson.co.jp/,http://freedom.harley-davidson.co.jp/,https://muuuuu.org/industry/car/11181.html,muuuuu,webmagazine,car,media,car,,,2026-09-08T17:00:31+09:00
muuuuu-11215,http://hapticdesign.org/,http://hapticdesign.org/,https://muuuuu.org/industry/art/11215.html,muuuuu,portal,art,public,art,,,2026-09-08T17:00:31+09:00
muuuuu-11218,http://beyondarchitecture.jp/,http://beyondarchitecture.jp/,https://muuuuu.org/industry/building/11218.html,muuuuu,"owned-media,portal",building,media,building,,,2026-09-08T17:00:31+09:00
muuuuu-11220,https://creativity-class.xyz/,https://creativity-class.xyz/,https://muuuuu.org/industry/art/11220.html,muuuuu,owned-media,"education-service,group",media,education-service,,,2026-09-08T17:00:31+09:00
muuuuu-11315,https://usports.ca/en,https://usports.ca/en,https://muuuuu.org/industry/sports/11315.html,muuuuu,portal,sports,public,sports,,,2026-09-08T17:00:31+09:00
muuuuu-11330,https://sheishere.jp/,https://sheishere.jp/,,muuuuu,portal,group,public,group,,,2026-09-08T17:00:31+09:00
muuuuu-11359,https://btcnews.jp/,https://btcnews.jp/,https://muuuuu.org/industry/finance/11359.html,muuuuu,webmagazine,finance,media,finance,,,2026-09-08T17:00:31+09:00
muuuuu-11492,https://oldspitalfieldsmarket.com/,https://oldspitalfieldsmarket.com/,https://muuuuu.org/industry/restaurant/11492.html,muuuuu,owned-media,restaurant,media,restaurant,,,2026-09-08T17:00:31+09:00
muuuuu-11528,http://kaigan-studio.com/,http://kaigan-studio.com/,https://muuuuu.org/industry/art/11528.html,muuuuu,owned-media,art,media,art,,,2026-09-08T17:00:31+09:00
muuuuu-11556,https://gqjapan.jp/,https://gqjapan.jp/,https://muuuuu.org/industry/art/11556.html,muuuuu,"webmagazine,portal",fashionall,media,fashionall,,,2026-09-08T17:00:31+09:00
muuuuu-11597,http://s-style.machico.mu/,http://s-style.machico.mu/,https://muuuuu.org/industry/area/11597.html,muuuuu,portal,area,public,area,,,2026-09-08T17:00:31+09:00
muuuuu-11638,http://fessi-dance.com/,http://fessi-dance.com/,https://muuuuu.org/industry/school/11638.html,muuuuu,owned-media,school,media,school,,,2026-09-08T17:00:31+09:00
muuuuu-11683,https://hajinsky.com/,https://hajinsky.com/,https://muuuuu.org/industry/art/11683.html,muuuuu,"webmagazine,portal",fashionall,media,fashionall,,,2026-09-08T17:00:31+09:00
muuuuu-11711,https://www.franshalsmuseum.nl/en/,https://www.franshalsmuseum.nl/en/,,muuuuu,owned-media,,media,other,,,2026-09-08T17:00:31+09:00
muuuuu-11722,https://sendai-inc.com/,https://sendai-inc.com/,https://muuuuu.org/industry/technology/11722.html,muuuuu,"owned-media,webmagazine",technology,media,technology,,,2026-09-08T17:00:31+09:00
muuuuu-11726,https://rugby.ca/en,https://rugby.ca/en,,muuuuu,portal,sports,public,sports,,,2026-09-08T17:00:31+09:00
muuuuu-11751,https://www.kyotographie.jp/,https://www.kyotographie.jp/,https://muuuuu.org/industry/art/11751.html,muuuuu,portal,art,public,art,,,2026-09-08T17:00:31+09:00
muuuuu-11756,https://designcanada.com/,https://designcanada.com/,https://muuuuu.org/industry/art/11756.html,muuuuu,portal,art,public,art,,,2026-09-08T17:00:31+09:00
muuuuu-11766,https://www.urban-tube.com/,https://www.urban-tube.com/,https://muuuuu.org/industry/fashionall/11766.html,muuuuu,webmagazine,fashionall,media,fashionall,,,2026-09-08T17:00:31+09:00
muuuuu-11826,https://www.ameet.jp/,https://www.ameet.jp/,https://muuuuu.org/industry/art/11826.html,muuuuu,webmagazine,art,media,art,,,2026-09-08T17:00:31+09:00
muuuuu-11853,https://globe.asahi.com/,https://globe.asahi.com/,https://muuuuu.org/industry/publication/11853.html,muuuuu,portal,publication,public,publication,,,2026-09-08T17:00:31+09:00
muuuuu-11923,http://2018.innsbruckinternational.com/,http://2018.innsbruckinternational.com/,https://muuuuu.org/industry/art/11923.html,muuuuu,portal,art,public,art,,,2026-09-08T17:00:31+09:00
muuuuu-11945,https://shop.shochikugeino.co.jp/,https://shop.shochikugeino.co.jp/,https://muuuuu.org/industry/entertainment/11945.html,muuuuu,ec,entertainment,ec,entertainment,,,2026-09-08T17:00:31+09:00
muuuuu-11961,https://www.etq-amsterdam.com/,https://www.etq-amsterdam.com/,https://muuuuu.org/industry/fashionall/11961.html,muuuuu,ec,fashionall,ec,fashionall,,,2026-09-08T17:00:31+09:00
muuuuu-11968,http://orbital-outdoors.com/,http://orbital-outdoors.com/,https://muuuuu.org/industry/sports/11968.html,muuuuu,ec,sports,ec,sports,,,2026-09-08T17:00:31+09:00
muuuuu-12001,http://snug.city.nagoya.jp/,http://snug.city.nagoya.jp/,https://muuuuu.org/industry/area/12001.html,muuuuu,webmagazine,area,media,area,,,2026-09-08T17:00:31+09:00
muuuuu-12005,https://www.backdrophome.com,https://www.backdrophome.com,,muuuuu,ec,,ec,other,,,2026-09-08T17:00:31+09:00
muuuuu-12058,https://femmeandfierce.nl/,https://femmeandfierce.nl/,https://muuuuu.org/industry/fashion/12058.html,muuuuu,ec,fashion,ec,fashion,,,2026-09-08T17:00:31+09:00
muuuuu-12088,https://manifeststore.com/fr/,https://manifeststore.com/fr/,https://muuuuu.org/industry/fashionall/12088.html,muuuuu,ec,fashionall,ec,fashionall,,,2026-09-08T17:00:31+09:00
muuuuu-12090,https://www.northeastshop.jp/,https://www.northeastshop.jp/,https://muuuuu.org/industry/art/12090.html,muuuuu,"webmagazine,ec",art,media,art,,,2026-09-08T17:00:31+09:00
muuuuu-12104,https://www.beatsbydre.com/,https://www.beatsbydre.com/,https://muuuuu.org/industry/interior/12104.html,muuuuu,ec,"electrical,interior",ec,electrical,,,2026-09-08T17:00:31+09:00
muuuuu-12106,https://wonhundred.com/,https://wonhundred.com/,https://muuuuu.org/industry/shopping/12106.html,muuuuu,ec,"fashionall,shopping",ec,fashionall,,,2026-09-08T17:00:31+09:00
muuuuu-12172,https://virgiinity.wedding/,https://virgiinity.wedding/,https://muuuuu.org/industry/wedding/12172.html,muuuuu,portal,"wedding,wedding,wedding,wedding,wedding",public,wedding,,,2026-09-08T17:00:31+09:00
muuuuu-12186,https://mtg.softbankrobotics.com/,https://mtg.softbankrobotics.com/,https://muuuuu.org/industry/technology/12186.html,muuuuu,"webmagazine,portal","science-research,science-research,science-research,science-research,science-research",media,science-research,,,2026-09-08T17:00:31+09:00
muuuuu-12193,https://www.nichireifoods.co.jp/media/,https://www.nichireifoods.co.jp/media/,https://muuuuu.org/industry/food/12193.html,muuuuu,portal,"food,life",public,food,,,2026-09-08T17:00:31+09:00
muuuuu-12199,https://getroom.com/,https://getroom.com/,https://muuuuu.org/industry/art/12199.html,muuuuu,ec,life,ec,life,,,2026-09-08T17:00:31+09:00
muuuuu-12205,https://www.studio-job.com/,https://www.studio-job.com/,https://muuuuu.org/industry/art/12205.html,muuuuu,portal,art,public,art,,,2026-09-08T17:00:31+09:00
muuuuu-12247,https://seedlipdrinks.com/discover,https://seedlipdrinks.com/discover,https://muuuuu.org/industry/food/12247.html,muuuuu,ec,food,ec,food,,,2026-09-08T17:00:31+09:00
muuuuu-12268,http://www.honeyee.com/,http://www.honeyee.com/,,muuuuu,"owned-media,webmagazine",life,media,life,,,2026-09-08T17:00:31+09:00
muuuuu-12284,https://konoradiogayabai.com/,https://konoradiogayabai.com/,https://muuuuu.org/industry/publication/12284.html,muuuuu,owned-media,publication,media,publication,,,2026-09-08T17:00:31+09:00
muuuuu-12303,https://florianmonfrini.com/,https://florianmonfrini.com/,https://muuuuu.org/industry/art/12303.html,muuuuu,portal,art,public,art,,,2026-09-08T17:00:31+09:00
muuuuu-12322,http://fin-d.life/,http://fin-d.life/,https://muuuuu.org/industry/finance/12322.html,muuuuu,webmagazine,finance,media,finance,,,2026-09-08T17:00:31+09:00
muuuuu-12325,https://fabric-tokyo.com/,https://fabric-tokyo.com/,https://muuuuu.org/industry/fashionall/12325.html,muuuuu,ec,"fashionall,life",ec,fashionall,,,2026-09-08T17:00:31+09:00
muuuuu-12365,https://karimoku-cat.jp/ja/,https://karimoku-cat.jp/ja/,,muuuuu,ec,life,ec,life,,,2026-09-08T17:00:31+09:00
muuuuu-12427,https://juxtapress.it/,https://juxtapress.it/,https://muuuuu.org/industry/art/12427.html,muuuuu,"webmagazine,ec",art,media,art,,,2026-09-08T17:00:31+09:00
muuuuu-12467,https://hokkaidotogo.com/,https://hokkaidotogo.com/,https://muuuuu.org/industry/area/12467.html,muuuuu,"owned-media,webmagazine",area,media,area,,,2026-09-08T17:00:31+09:00
muuuuu-12499,https://www.oakshop.cz/en/,https://www.oakshop.cz/en/,https://muuuuu.org/industry/sports/12499.html,muuuuu,ec,sports,ec,sports,,,2026-09-08T17:00:31+09:00
muuuuu-12513,https://www.mokarico.com/shop.html,https://www.mokarico.com/shop.html,https://muuuuu.org/industry/restaurant/12513.html,muuuuu,ec,restaurant,ec,restaurant,,,2026-09-08T17:00:31+09:00
muuuuu-12544,https://droptokyo.com/,https://droptokyo.com/,https://muuuuu.org/industry/fashionall/12544.html,muuuuu,"owned-media,webmagazine","fashion,fashionall",media,fashion,,,2026-09-08T17:00:31+09:00
muuuuu-12546,https://bucketlist.austria.info/jp/,https://bucketlist.austria.info/jp/,https://muuuuu.org/industry/area/12546.html,muuuuu,owned-media,area,media,area,,,2026-09-08T17:00:31+09:00
muuuuu-12604,https://en-creativeoffice.com/,https://en-creativeoffice.com/,https://muuuuu.org/industry/interior/12604.html,muuuuu,owned-media,interior,media,interior,,,2026-09-08T17:00:31+09:00
muuuuu-12611,https://andpost.jp/,https://andpost.jp/,,muuuuu,owned-media,group,media,group,,,2026-09-08T17:00:31+09:00
muuuuu-12635,https://timetablerecords.com/,https://timetablerecords.com/,https://muuuuu.org/industry/art/12635.html,muuuuu,ec,fashionall,ec,fashionall,,,2026-09-08T17:00:31+09:00
muuuuu-12651,https://brutus.jp/,https://brutus.jp/,https://muuuuu.org/industry/publication/12651.html,muuuuu,webmagazine,publication,media,publication,,,2026-09-08T17:00:31+09:00
muuuuu-12659,https://www.eza-animal.com/,https://www.eza-animal.com/,https://muuuuu.org/industry/interior/12659.html,muuuuu,ec,interior,ec,interior,,,2026-09-08T17:00:31+09:00
muuuuu-12661,https://cocui.jp/,https://cocui.jp/,https://muuuuu.org/industry/watch/12661.html,muuuuu,ec,"watch,watch,watch,watch,watch",ec,watch,,,2026-09-08T17:00:31+09:00
muuuuu-12684,https://www.surrattbeauty.com/,https://www.surrattbeauty.com/,https://muuuuu.org/industry/beauty/12684.html,muuuuu,ec,beauty,ec,beauty,,,2026-09-08T17:00:31+09:00
muuuuu-12702,https://fashionpost.jp/,https://fashionpost.jp/,https://muuuuu.org/industry/fashionall/12702.html,muuuuu,"owned-media,webmagazine",fashionall,media,fashionall,,,2026-09-08T17:00:31+09:00
muuuuu-12710,https://www.withings.com/jp/ja/,https://www.withings.com/jp/ja/,https://muuuuu.org/industry/watch/12710.html,muuuuu,ec,"healthcare,healthcare,healthcare,healthcare,healthcare,watch,watch,watch,watch,watch",ec,healthcare,,,2026-09-08T17:00:31+09:00
muuuuu-12716,https://www.louispoulsen.com/da-dk/private,https://www.louispoulsen.com/da-dk/private,https://muuuuu.org/industry/interior/12716.html,muuuuu,ec,interior,ec,interior,,,2026-09-08T17:00:31+09:00
muuuuu-12736,https://greenbeaver.com/en,https://greenbeaver.com/en,https://muuuuu.org/industry/beauty/12736.html,muuuuu,ec,beauty,ec,beauty,,,2026-09-08T17:00:31+09:00
muuuuu-12742,https://www.heathceramics.com/,https://www.heathceramics.com/,https://muuuuu.org/industry/interior/12742.html,muuuuu,ec,interior,ec,interior,,,2026-09-08T17:00:31+09:00
muuuuu-12744,https://www.oxo.com/,https://www.oxo.com/,https://muuuuu.org/industry/interior/12744.html,muuuuu,ec,"food,interior",ec,food,,,2026-09-08T17:00:31+09:00
muuuuu-12746,https://smaregi.jp/,https://smaregi.jp/,https://muuuuu.org/industry/technology/12746.html,muuuuu,portal,finance,public,finance,,,2026-09-08T17:00:31+09:00
muuuuu-12785,https://ysa.dena.com/,https://ysa.dena.com/,https://muuuuu.org/industry/sports/12785.html,muuuuu,owned-media,sports,media,sports,,,2026-09-08T17:00:31+09:00
muuuuu-12899,https://sakuramachi-kumamoto.jp/,https://sakuramachi-kumamoto.jp/,https://muuuuu.org/industry/shopping/12899.html,muuuuu,portal,shopping,public,shopping,,,2026-09-08T17:00:31+09:00
muuuuu-12906,https://www.hanesbrandsinc.jp/champion/c/c20/,https://www.hanesbrandsinc.jp/champion/c/c20/,https://muuuuu.org/industry/fashionall/12906.html,muuuuu,ec,fashionall,ec,fashionall,,,2026-09-08T17:00:31+09:00
muuuuu-12912,https://big-up.style/zine/,https://big-up.style/zine/,https://muuuuu.org/industry/music/12912.html,muuuuu,"owned-media,webmagazine",music,media,music,,,2026-09-08T17:00:31+09:00
muuuuu-12949,https://tokyo-voice.jp/,https://tokyo-voice.jp/,,muuuuu,"owned-media,webmagazine",life,media,life,,,2026-09-08T17:00:31+09:00
muuuuu-13039,https://www.centrair.jp/index.html,https://www.centrair.jp/index.html,https://muuuuu.org/industry/company/13039.html,muuuuu,owned-media,company,media,company,,,2026-09-08T17:00:31+09:00
muuuuu-13048,https://shibuyatsutayamagazine.com/,https://shibuyatsutayamagazine.com/,https://muuuuu.org/industry/publication/13048.html,muuuuu,webmagazine,publication,media,publication,,,2026-09-08T17:00:31+09:00
muuuuu-13055,https://www.vogue.co.jp/,https://www.vogue.co.jp/,https://muuuuu.org/industry/fashionall/13055.html,muuuuu,webmagazine,fashionall,media,fashionall,,,2026-09-08T17:00:31+09:00
muuuuu-13063,https://www.beams.co.jp/,https://www.beams.co.jp/,https://muuuuu.org/industry/fashionall/13063.html,muuuuu,ec,"fashion,fashionall",ec,fashion,,,2026-09-08T17:00:31+09:00
muuuuu-13090,https://madamefigaro.jp/,https://madamefigaro.jp/,https://muuuuu.org/industry/publication/13090.html,muuuuu,webmagazine,publication,media,publication,,,2026-09-08T17:00:31+09:00
muuuuu-13144,https://www.danilodemarco.com/,https://www.danilodemarco.com/,,muuuuu,portal,,public,other,,,2026-09-08T17:00:31+09:00
muuuuu-13179,https://studio-has.jp/,https://studio-has.jp/,,muuuuu,portal,,public,other,,,2026-09-08T17:00:31+09:00
muuuuu-13209,https://on-the-trip.com/sound-trip,https://on-the-trip.com/sound-trip,https://muuuuu.org/industry/entertainment/13209.html,muuuuu,owned-media,entertainment,media,entertainment,,,2026-09-08T17:00:31+09:00
muuuuu-13235,https://www.galerieslafayettechampselysees.com/,https://www.galerieslafayettechampselysees.com/,https://muuuuu.org/industry/fashionall/13235.html,muuuuu,ec,fashionall,ec,fashionall,,,2026-09-08T17:00:31+09:00
muuuuu-13247,https://www.boundarysupply.com/,https://www.boundarysupply.com/,https://muuuuu.org/industry/interior/13247.html,muuuuu,ec,"fashionall,interior",ec,fashionall,,,2026-09-08T17:00:31+09:00
muuuuu-13260,https://unleashmag.com/,https://unleashmag.com/,https://muuuuu.org/industry/area/13260.html,muuuuu,webmagazine,area,media,area,,,2026-09-08T17:00:31+09:00
muuuuu-13302,https://tabippo.net/,https://tabippo.net/,https://muuuuu.org/industry/trip/13302.html,muuuuu,webmagazine,trip,media,trip,,,2026-09-08T17:00:31+09:00
muuuuu-13316,https://www.goldwin.co.jp/,https://www.goldwin.co.jp/,https://muuuuu.org/industry/sports/13316.html,muuuuu,ec,sports,ec,sports,,,2026-09-08T17:00:31+09:00
muuuuu-13336,https://www.echigo-tsumari.jp/,https://www.echigo-tsumari.jp/,,muuuuu,webmagazine,,media,other,,,2026-09-08T17:00:31+09:00
muuuuu-13339,https://oldspitalfieldsmarket.com/,https://oldspitalfieldsmarket.com/,https://muuuuu.org/industry/interior/13339.html,muuuuu,"owned-media,webmagazine","interior,life",media,interior,,,2026-09-08T17:00:31+09:00
muuuuu-13351,https://prtimes.jp/magazine/,https://prtimes.jp/magazine/,https://muuuuu.org/industry/technology/13351.html,muuuuu,webmagazine,technology,media,technology,,,2026-09-08T17:00:31+09:00
muuuuu-13377,https://has-mag.jp/,https://has-mag.jp/,https://muuuuu.org/industry/entertainment/13377.html,muuuuu,"owned-media,webmagazine","entertainment,life,music",media,entertainment,,,2026-09-08T17:00:31+09:00
muuuuu-13389,https://pen-special.jp/,https://pen-special.jp/,https://muuuuu.org/industry/publication/13389.html,muuuuu,"owned-media,webmagazine","entertainment,life,publication",media,entertainment,,,2026-09-08T17:00:31+09:00
muuuuu-13395,https://www.popupsociety.com/,https://www.popupsociety.com/,,muuuuu,"owned-media,webmagazine",,media,other,,,2026-09-08T17:00:31+09:00
muuuuu-13482,https://storywriter.tokyo/,https://storywriter.tokyo/,https://muuuuu.org/industry/entertainment/13482.html,muuuuu,"owned-media,webmagazine","entertainment,life",media,entertainment,,,2026-09-08T17:00:31+09:00
muuuuu-13491,https://mado.cinra.net/,https://mado.cinra.net/,https://muuuuu.org/industry/entertainment/13491.html,muuuuu,webmagazine,entertainment,media,entertainment,,,2026-09-08T17:00:31+09:00
muuuuu-13533,https://www.potel.jp/kyoto/cityguide/,https://www.potel.jp/kyoto/cityguide/,https://muuuuu.org/industry/entertainment/13533.html,muuuuu,"owned-media,webmagazine","entertainment,life,trip",media,entertainment,,,2026-09-08T17:00:31+09:00
muuuuu-13552,https://in-general.com/,https://in-general.com/,https://muuuuu.org/industry/entertainment/13552.html,muuuuu,webmagazine,"entertainment,fashionall",media,entertainment,,,2026-09-08T17:00:31+09:00
muuuuu-13561,https://www.media-pedia.com/,https://www.media-pedia.com/,,muuuuu,webmagazine,life,media,life,,,2026-09-08T17:00:31+09:00
muuuuu-13598,https://ueno-wonderer.jp/,https://ueno-wonderer.jp/,,muuuuu,"owned-media,webmagazine",life,media,life,,,2026-09-08T17:00:31+09:00
muuuuu-13606,https://kiminitou.com/,https://kiminitou.com/,https://muuuuu.org/industry/music/13606.html,muuuuu,"owned-media,webmagazine",music,media,music,,,2026-09-08T17:00:31+09:00
muuuuu-13609,https://www.joloves.com/,https://www.joloves.com/,https://muuuuu.org/industry/interior/13609.html,muuuuu,ec,interior,ec,interior,,,2026-09-08T17:00:31+09:00
muuuuu-13734,http://www.bodaijuen.jp/,http://www.bodaijuen.jp/,https://muuuuu.org/industry/area/13734.html,muuuuu,owned-media,area,media,area,,,2026-09-08T17:00:31+09:00
muuuuu-13801,https://www.kinfolk.com/,https://www.kinfolk.com/,,muuuuu,"owned-media,webmagazine",life,media,life,,,2026-09-08T17:00:31+09:00
muuuuu-13883,https://takaone.jp/,https://takaone.jp/,,muuuuu,webmagazine,life,media,life,,,2026-09-08T17:00:31+09:00
muuuuu-13926,https://unagino-nedoko.net/,https://unagino-nedoko.net/,,muuuuu,ec,,ec,other,,,2026-09-08T17:00:31+09:00
muuuuu-13945,https://s-y-n.jp/,https://s-y-n.jp/,,muuuuu,"owned-media,webmagazine",group,media,group,,,2026-09-08T17:00:31+09:00
muuuuu-13963,http://thisisshizen.jp/,http://thisisshizen.jp/,https://muuuuu.org/industry/interior/13963.html,muuuuu,ec,interior,ec,interior,,,2026-09-08T17:00:31+09:00
muuuuu-13986,https://www.dot-st.com/cp/jeanasis/jeanasis_media,https://www.dot-st.com/cp/jeanasis/jeanasis_media,https://muuuuu.org/industry/fashion/13986.html,muuuuu,webmagazine,fashion,media,fashion,,,2026-09-08T17:00:31+09:00
muuuuu-13991,https://patrick-onlineshop.jp/,https://patrick-onlineshop.jp/,https://muuuuu.org/industry/fashionall/13991.html,muuuuu,ec,fashionall,ec,fashionall,,,2026-09-08T17:00:31+09:00
muuuuu-14017,https://www.igaku-shoin.co.jp/,https://www.igaku-shoin.co.jp/,,muuuuu,owned-media,,media,other,,,2026-09-08T17:00:31+09:00
muuuuu-14030,https://fabric-tokyo.com/,https://fabric-tokyo.com/,https://muuuuu.org/industry/fashionall/14030.html,muuuuu,ec,fashionall,ec,fashionall,,,2026-09-08T17:00:31+09:00
muuuuu-14038,https://www.craftscouncil.org.uk/,https://www.craftscouncil.org.uk/,https://muuuuu.org/industry/interior/14038.html,muuuuu,webmagazine,interior,media,interior,,,2026-09-08T17:00:31+09:00
muuuuu-14047,https://bad-boys.vercel.app/,https://bad-boys.vercel.app/,https://muuuuu.org/industry/fashionall/14047.html,muuuuu,ec,fashionall,ec,fashionall,,,2026-09-08T17:00:31+09:00
muuuuu-14057,https://amp-el.jp/,https://amp-el.jp/,https://muuuuu.org/industry/company/14057.html,muuuuu,webmagazine,company,media,company,,,2026-09-08T17:00:31+09:00
muuuuu-14111,https://moltsinc.co.jp/,https://moltsinc.co.jp/,,muuuuu,owned-media,,media,other,,,2026-09-08T17:00:31+09:00
muuuuu-14131,https://popeyemagazine.jp/,https://popeyemagazine.jp/,https://muuuuu.org/industry/entertainment/14131.html,muuuuu,"owned-media,webmagazine",entertainment,media,entertainment,,,2026-09-08T17:00:31+09:00
muuuuu-14135,https://rider404.com/,https://rider404.com/,https://muuuuu.org/industry/car/14135.html,muuuuu,ec,car,ec,car,,,2026-09-08T17:00:31+09:00
muuuuu-14142,https://www.kai-group.com/products/brand/select100/,https://www.kai-group.com/products/brand/select100/,https://muuuuu.org/industry/interior/14142.html,muuuuu,ec,"food,interior",ec,food,,,2026-09-08T17:00:31+09:00
muuuuu-14156,https://www.otemon-jh.ed.jp/o-drive/,https://www.otemon-jh.ed.jp/o-drive/,https://muuuuu.org/industry/school/14156.html,muuuuu,"owned-media,webmagazine","education-service,school",media,education-service,,,2026-09-08T17:00:31+09:00
muuuuu-14168,https://new-kitakyushu-city.com/,https://new-kitakyushu-city.com/,,muuuuu,webmagazine,life,media,life,,,2026-09-08T17:00:31+09:00
muuuuu-14184,https://kinarito.net/,https://kinarito.net/,,muuuuu,"owned-media,webmagazine",life,media,life,,,2026-09-08T17:00:31+09:00
muuuuu-14191,https://jyou.media/,https://jyou.media/,,muuuuu,"owned-media,webmagazine",welfare-care,media,welfare-care,,,2026-09-08T17:00:31+09:00
muuuuu-14202,https://www.huelemuseum.com/,https://www.huelemuseum.com/,https://muuuuu.org/industry/fashion/14202.html,muuuuu,ec,fashion,ec,fashion,,,2026-09-08T17:00:31+09:00
muuuuu-14213,http://midori.so/,http://midori.so/,https://muuuuu.org/industry/art/14213.html,muuuuu,owned-media,art,media,art,,,2026-09-08T17:00:31+09:00
muuuuu-14218,https://www.saga-hirakawaya.jp/,https://www.saga-hirakawaya.jp/,,muuuuu,ec,,ec,other,,,2026-09-08T17:00:31+09:00
muuuuu-14232,https://garoaskincare.com/,https://garoaskincare.com/,https://muuuuu.org/industry/beauty/14232.html,muuuuu,ec,"beauty,welfare-care",ec,beauty,,,2026-09-08T17:00:31+09:00
muuuuu-14247,https://sogafarm.jp/,https://sogafarm.jp/,https://muuuuu.org/industry/food/14247.html,muuuuu,ec,"food,life",ec,food,,,2026-09-08T17:00:31+09:00
muuuuu-14250,https://www.airbnb.jp/,https://www.airbnb.jp/,https://muuuuu.org/industry/trip/14250.html,muuuuu,portal,trip,public,trip,,,2026-09-08T17:00:31+09:00
muuuuu-14273,https://people-trip-guide-shibuya.jp/,https://people-trip-guide-shibuya.jp/,https://muuuuu.org/industry/area/14273.html,muuuuu,"owned-media,portal",area,media,area,,,2026-09-08T17:00:31+09:00
muuuuu-14275,https://www.allhawaii.jp/malamahawaii/,https://www.allhawaii.jp/malamahawaii/,https://muuuuu.org/industry/eco/14275.html,muuuuu,portal,"eco,eco,eco,eco,eco,trip",public,eco,,,2026-09-08T17:00:31+09:00
muuuuu-14278,https://material-lib.com/,https://material-lib.com/,https://muuuuu.org/industry/publication/14278.html,muuuuu,portal,"group,life,publication",public,group,,,2026-09-08T17:00:31+09:00
muuuuu-14280,https://co-coco.jp/,https://co-coco.jp/,,muuuuu,"owned-media,webmagazine",welfare-care,media,welfare-care,,,2026-09-08T17:00:31+09:00
muuuuu-14315,https://www.33bank.co.jp/,https://www.33bank.co.jp/,https://muuuuu.org/industry/finance/14315.html,muuuuu,portal,finance,public,finance,,,2026-09-08T17:00:31+09:00
muuuuu-14333,https://www.beams.co.jp/special/2020_holiday/,https://www.beams.co.jp/special/2020_holiday/,https://muuuuu.org/industry/interior/14333.html,muuuuu,"owned-media,webmagazine","fashionall,interior",media,fashionall,,,2026-09-08T17:00:31+09:00
muuuuu-14385,https://park.itc.u-tokyo.ac.jp/createthefuture/,https://park.itc.u-tokyo.ac.jp/createthefuture/,https://muuuuu.org/industry/technology/14385.html,muuuuu,webmagazine,"education-service,school,science-research,science-research,science-research,science-research,science-research",media,education-service,,,2026-09-08T17:00:31+09:00
muuuuu-14405,https://hito-onomichi.jp/,https://hito-onomichi.jp/,https://muuuuu.org/industry/area/14405.html,muuuuu,"owned-media,webmagazine",life,media,life,,,2026-09-08T17:00:31+09:00
muuuuu-14412,https://takanome-sake.com/,https://takanome-sake.com/,https://muuuuu.org/industry/food/14412.html,muuuuu,ec,food,ec,food,,,2026-09-08T17:00:31+09:00
muuuuu-14414,https://www.fabric-arts.co.jp/recruit/,https://www.fabric-arts.co.jp/recruit/,https://muuuuu.org/industry/art/14414.html,muuuuu,recruit,art,recruit,art,,,2026-09-08T17:00:31+09:00
muuuuu-14434,https://www.m-hand.co.jp/recruit/,https://www.m-hand.co.jp/recruit/,,muuuuu,recruit,,recruit,other,,,2026-09-08T17:00:31+09:00
muuuuu-14437,https://kinokawa-life.jp/,https://kinokawa-life.jp/,https://muuuuu.org/industry/area/14437.html,muuuuu,"owned-media,webmagazine",area,media,area,,,2026-09-08T17:00:31+09:00
muuuuu-14449,https://arozjewelry.com/en/,https://arozjewelry.com/en/,https://muuuuu.org/industry/watch/14449.html,muuuuu,ec,"watch,watch,watch,watch,watch",ec,watch,,,2026-09-08T17:00:31+09:00
muuuuu-14461,https://okanechips.mei-kyu.com/,https://okanechips.mei-kyu.com/,https://muuuuu.org/industry/finance/14461.html,muuuuu,"owned-media,webmagazine",finance,media,finance,,,2026-09-08T17:00:31+09:00
muuuuu-14463,https://digthetea.com/,https://digthetea.com/,,muuuuu,"owned-media,webmagazine",,media,other,,,2026-09-08T17:00:31+09:00
muuuuu-14474,https://www.sogoodstories.com/,https://www.sogoodstories.com/,https://muuuuu.org/industry/publication/14474.html,muuuuu,webmagazine,"life,publication",media,life,,,2026-09-08T17:00:31+09:00
muuuuu-14481,https://town.odakyu-chukai.com/,https://town.odakyu-chukai.com/,https://muuuuu.org/industry/area/14481.html,muuuuu,"owned-media,webmagazine",life,media,life,,,2026-09-08T17:00:31+09:00
muuuuu-14497,https://www.myafterglo.com/,https://www.myafterglo.com/,https://muuuuu.org/industry/area/14497.html,muuuuu,ec,beauty,ec,beauty,,,2026-09-08T17:00:31+09:00
muuuuu-14511,https://gemfields.com/,https://gemfields.com/,https://muuuuu.org/industry/area/14511.html,muuuuu,webmagazine,"group,watch,watch,watch,watch,watch",media,group,,,2026-09-08T17:00:31+09:00
muuuuu-14568,https://www.apose.fr/,https://www.apose.fr/,https://muuuuu.org/industry/area/14568.html,muuuuu,ec,"watch,watch,watch,watch,watch",ec,watch,,,2026-09-08T17:00:31+09:00
muuuuu-14577,https://www.hidagyu-yoromeat-honten.com/,https://www.hidagyu-yoromeat-honten.com/,https://muuuuu.org/industry/restaurant/14577.html,muuuuu,ec,"food,restaurant",ec,food,,,2026-09-08T17:00:31+09:00
muuuuu-14581,https://miramacho.com/,https://miramacho.com/,https://muuuuu.org/industry/area/14581.html,muuuuu,webmagazine,area,media,area,,,2026-09-08T17:00:31+09:00
muuuuu-14589,https://hince.jp/,https://hince.jp/,https://muuuuu.org/industry/beauty/14589.html,muuuuu,ec,beauty,ec,beauty,,,2026-09-08T17:00:31+09:00
muuuuu-14603,https://oita-ijyutecho.com/,https://oita-ijyutecho.com/,https://muuuuu.org/industry/area/14603.html,muuuuu,"owned-media,webmagazine",life,media,life,,,2026-09-08T17:00:31+09:00
muuuuu-14626,https://www.drinkopus.com/,https://www.drinkopus.com/,https://muuuuu.org/industry/area/14626.html,muuuuu,ec,food,ec,food,,,2026-09-08T17:00:31+09:00
muuuuu-14635,https://www.kobebeef.co.jp/,https://www.kobebeef.co.jp/,https://muuuuu.org/industry/restaurant/14635.html,muuuuu,ec,"food,restaurant",ec,food,,,2026-09-08T17:00:31+09:00
muuuuu-14660,https://www.all-connect.jp/recruit/,https://www.all-connect.jp/recruit/,https://muuuuu.org/industry/technology/14660.html,muuuuu,recruit,technology,recruit,technology,,,2026-09-08T17:00:31+09:00
muuuuu-14663,https://vision-naire.com/,https://vision-naire.com/,https://muuuuu.org/industry/area/14663.html,muuuuu,ec,"area,fashionall",ec,area,,,2026-09-08T17:00:31+09:00
muuuuu-14667,https://1to2.jp/,https://1to2.jp/,https://muuuuu.org/industry/interior/14667.html,muuuuu,"owned-media,webmagazine","area,interior,life",media,area,,,2026-09-08T17:00:31+09:00
muuuuu-14682,https://busk.co.jp/,https://busk.co.jp/,,muuuuu,recruit,,recruit,other,,,2026-09-08T17:00:31+09:00
muuuuu-14685,https://recruit.ttcorp.co.jp/,https://recruit.ttcorp.co.jp/,https://muuuuu.org/industry/finance/14685.html,muuuuu,recruit,"electrical,finance",recruit,electrical,,,2026-09-08T17:00:31+09:00
muuuuu-14688,http://new.savour.design/,http://new.savour.design/,https://muuuuu.org/industry/area/14688.html,muuuuu,ec,area,ec,area,,,2026-09-08T17:00:31+09:00
muuuuu-14693,https://revel.jp/,https://revel.jp/,https://muuuuu.org/industry/fashionall/14693.html,muuuuu,ec,fashionall,ec,fashionall,,,2026-09-08T17:00:31+09:00
muuuuu-14716,https://www.flat-head.com/,https://www.flat-head.com/,https://muuuuu.org/industry/fashionall/14716.html,muuuuu,ec,fashionall,ec,fashionall,,,2026-09-08T17:00:31+09:00
muuuuu-14719,https://solncetur.ru/,https://solncetur.ru/,https://muuuuu.org/industry/trip/14719.html,muuuuu,portal,"area,trip",public,area,,,2026-09-08T17:00:31+09:00
muuuuu-14730,https://brutus.jp/,https://brutus.jp/,https://muuuuu.org/industry/publication/14730.html,muuuuu,webmagazine,"life,publication",media,life,,,2026-09-08T17:00:31+09:00
muuuuu-14740,https://careers.monoxer.com/,https://careers.monoxer.com/,https://muuuuu.org/industry/technology/14740.html,muuuuu,recruit,technology,recruit,technology,,,2026-09-08T17:00:31+09:00
muuuuu-14760,https://www.beams.co.jp/special/beamsbeauty/,https://www.beams.co.jp/special/beamsbeauty/,https://muuuuu.org/industry/beauty/14760.html,muuuuu,webmagazine,"beauty,fashion",media,beauty,,,2026-09-08T17:00:31+09:00
muuuuu-14780,https://www.prime-x.co.jp/recruit/career/,https://www.prime-x.co.jp/recruit/career/,,muuuuu,recruit,,recruit,other,,,2026-09-08T17:00:31+09:00
muuuuu-14785,https://3bl.jp/,https://3bl.jp/,,muuuuu,ec,"healthcare,healthcare,healthcare,healthcare,healthcare,welfare-care",ec,healthcare,,,2026-09-08T17:00:31+09:00
muuuuu-14792,https://www.keishicho.metro.tokyo.lg.jp/saiyo/2021/,https://www.keishicho.metro.tokyo.lg.jp/saiyo/2021/,,muuuuu,recruit,,recruit,other,,,2026-09-08T17:00:31+09:00
muuuuu-14797,https://www.cinra.net/,https://www.cinra.net/,https://muuuuu.org/industry/art/14797.html,muuuuu,webmagazine,life,media,life,,,2026-09-08T17:00:31+09:00
muuuuu-14803,https://shibuyayoichi.com/,https://shibuyayoichi.com/,https://muuuuu.org/industry/shopping/14803.html,muuuuu,owned-media,"fashionall,shopping",media,fashionall,,,2026-09-08T17:00:31+09:00
muuuuu-14809,https://mn-cosme.com/,https://mn-cosme.com/,https://muuuuu.org/industry/beauty/14809.html,muuuuu,ec,"beauty,fashion",ec,beauty,,,2026-09-08T17:00:31+09:00
muuuuu-14815,https://panasonic.co.jp/design/,https://panasonic.co.jp/design/,https://muuuuu.org/industry/technology/14815.html,muuuuu,owned-media,electrical,media,electrical,,,2026-09-08T17:00:31+09:00
muuuuu-14824,https://inquire.jp/,https://inquire.jp/,,muuuuu,owned-media,,media,other,,,2026-09-08T17:00:31+09:00
muuuuu-14827,https://batou.jp/,https://batou.jp/,https://muuuuu.org/industry/fashionall/14827.html,muuuuu,ec,fashionall,ec,fashionall,,,2026-09-08T17:00:31+09:00
muuuuu-14830,https://b-o-l-d.jp/,https://b-o-l-d.jp/,https://muuuuu.org/industry/art/14830.html,muuuuu,"owned-media,webmagazine","group,life",media,group,,,2026-09-08T17:00:31+09:00
muuuuu-14833,https://www.seed-recruit.com/,https://www.seed-recruit.com/,https://muuuuu.org/industry/hospital/14833.html,muuuuu,recruit,"beauty,hospital,welfare-care",recruit,beauty,,,2026-09-08T17:00:31+09:00
muuuuu-14841,https://renew-sendai.jp/,https://renew-sendai.jp/,https://muuuuu.org/industry/area/14841.html,muuuuu,"owned-media,webmagazine","area,life",media,area,,,2026-09-08T17:00:31+09:00
muuuuu-14844,https://otonamuse.jp/,https://otonamuse.jp/,https://muuuuu.org/industry/publication/14844.html,muuuuu,webmagazine,"beauty,fashion,life,publication",media,beauty,,,2026-09-08T17:00:31+09:00
muuuuu-14847,https://openhub.ntt.com/,https://openhub.ntt.com/,https://muuuuu.org/industry/technology/14847.html,muuuuu,owned-media,technology,media,technology,,,2026-09-08T17:00:31+09:00
muuuuu-14850,https://www.maruko.com/corp/recruit/,https://www.maruko.com/corp/recruit/,https://muuuuu.org/industry/fashion/14850.html,muuuuu,recruit,fashion,recruit,fashion,,,2026-09-08T17:00:31+09:00
muuuuu-14864,https://sipandguzzle.com/,https://sipandguzzle.com/,https://muuuuu.org/industry/food/14864.html,muuuuu,webmagazine,food,media,food,,,2026-09-08T17:00:31+09:00
muuuuu-14882,https://shop.museum-az.com/,https://shop.museum-az.com/,https://muuuuu.org/industry/shopping/14882.html,muuuuu,ec,"area,shopping",ec,area,,,2026-09-08T17:00:31+09:00
muuuuu-14900,https://solace-store.com/,https://solace-store.com/,https://muuuuu.org/industry/interior/14900.html,muuuuu,ec,"area,interior",ec,area,,,2026-09-08T17:00:31+09:00
muuuuu-14916,https://postfake.com/,https://postfake.com/,https://muuuuu.org/industry/entertainment/14916.html,muuuuu,"owned-media,webmagazine","entertainment,music",media,entertainment,,,2026-09-08T17:00:31+09:00
muuuuu-14938,https://careers.welmo.co.jp/,https://careers.welmo.co.jp/,,muuuuu,recruit,welfare-care,recruit,welfare-care,,,2026-09-08T17:00:31+09:00
muuuuu-14952,https://muracodesigns.com/,https://muracodesigns.com/,,muuuuu,ec,,ec,other,,,2026-09-08T17:00:31+09:00
muuuuu-14955,https://www.sonpo.or.jp/sme_insurance/,https://www.sonpo.or.jp/sme_insurance/,https://muuuuu.org/industry/finance/14955.html,muuuuu,portal,finance,public,finance,,,2026-09-08T17:00:31+09:00
muuuuu-14964,https://www.qualitair.ca/en,https://www.qualitair.ca/en,https://muuuuu.org/industry/area/14964.html,muuuuu,ec,area,ec,area,,,2026-09-08T17:00:31+09:00
muuuuu-14967,https://quoifaireauquebec.com/,https://quoifaireauquebec.com/,https://muuuuu.org/industry/entertainment/14967.html,muuuuu,portal,"area,entertainment",public,area,,,2026-09-08T17:00:31+09:00
muuuuu-14976,https://www.mammut.com/us/en,https://www.mammut.com/us/en,https://muuuuu.org/industry/sports/14976.html,muuuuu,ec,"area,fashionall,healthcare,healthcare,healthcare,healthcare,healthcare,sports",ec,area,,,2026-09-08T17:00:31+09:00
muuuuu-14989,https://www.toei.co.jp/company/recruit/fresh/,https://www.toei.co.jp/company/recruit/fresh/,,muuuuu,recruit,,recruit,other,,,2026-09-08T17:00:31+09:00
muuuuu-15001,http://idid.team/,http://idid.team/,,muuuuu,owned-media,group,media,group,,,2026-09-08T17:00:31+09:00
muuuuu-15004,https://aimoriyama.com/,https://aimoriyama.com/,https://muuuuu.org/industry/interior/15004.html,muuuuu,owned-media,interior,media,interior,,,2026-09-08T17:00:31+09:00
muuuuu-15025,https://www.saiyo-info.net/toho/,https://www.saiyo-info.net/toho/,https://muuuuu.org/industry/entertainment/15025.html,muuuuu,recruit,entertainment,recruit,entertainment,,,2026-09-08T17:00:31+09:00
muuuuu-15036,https://mathconnect.tokyo-shoseki.co.jp/,https://mathconnect.tokyo-shoseki.co.jp/,https://muuuuu.org/industry/school/15036.html,muuuuu,portal,"education-service,school",public,education-service,,,2026-09-08T17:00:31+09:00
muuuuu-15042,https://plus-c.chuo-u.ac.jp/,https://plus-c.chuo-u.ac.jp/,https://muuuuu.org/industry/school/15042.html,muuuuu,webmagazine,"education-service,school,science-research,science-research,science-research,science-research,science-research",media,education-service,,,2026-09-08T17:00:31+09:00
muuuuu-15048,https://www.career.dentsu.jp/recruit/2023/,https://www.career.dentsu.jp/recruit/2023/,,muuuuu,recruit,,recruit,other,,,2026-09-08T17:00:31+09:00
muuuuu-15051,https://liqlog.com/,https://liqlog.com/,https://muuuuu.org/industry/restaurant/15051.html,muuuuu,"owned-media,webmagazine","food,restaurant",media,food,,,2026-09-08T17:00:31+09:00
muuuuu-15057,https://tickertalk.co.jp/,https://tickertalk.co.jp/,https://muuuuu.org/industry/finance/15057.html,muuuuu,"owned-media,webmagazine",finance,media,finance,,,2026-09-08T17:00:31+09:00
muuuuu-15079,https://hdat.jp/recruit/,https://hdat.jp/recruit/,,muuuuu,recruit,,recruit,other,,,2026-09-08T17:00:31+09:00
muuuuu-15126,https://jobs.m3.com/fresh/,https://jobs.m3.com/fresh/,https://muuuuu.org/industry/technology/15126.html,muuuuu,recruit,hospital,recruit,hospital,,,2026-09-08T17:00:31+09:00
muuuuu-15138,https://www.felissimo.co.jp/company/recruit2023/home/,https://www.felissimo.co.jp/company/recruit2023/home/,https://muuuuu.org/industry/beauty/15138.html,muuuuu,recruit,"beauty,life",recruit,beauty,,,2026-09-08T17:00:31+09:00
muuuuu-15144,https://upopoy-magazine.jp/,https://upopoy-magazine.jp/,,muuuuu,"owned-media,webmagazine",life,media,life,,,2026-09-08T17:00:31+09:00
muuuuu-15147,https://lifelabel.jp/,https://lifelabel.jp/,https://muuuuu.org/industry/building/15147.html,muuuuu,"owned-media,webmagazine",life,media,life,,,2026-09-08T17:00:31+09:00
muuuuu-15154,https://www.beams.co.jp/special/bjirushi_market/,https://www.beams.co.jp/special/bjirushi_market/,https://muuuuu.org/industry/interior/15154.html,muuuuu,"owned-media,webmagazine","fashionall,interior",media,fashionall,,,2026-09-08T17:00:31+09:00
muuuuu-15157,https://ubac-store.com/,https://ubac-store.com/,https://muuuuu.org/industry/area/15157.html,muuuuu,ec,"area,fashionall",ec,area,,,2026-09-08T17:00:31+09:00
muuuuu-15176,https://www.gettala.com/,https://www.gettala.com/,https://muuuuu.org/industry/food/15176.html,muuuuu,ec,food,ec,food,,,2026-09-08T17:00:31+09:00
muuuuu-15201,https://jafmate.jp/,https://jafmate.jp/,https://muuuuu.org/industry/car/15201.html,muuuuu,"owned-media,webmagazine",car,media,car,,,2026-09-08T17:00:31+09:00
muuuuu-15232,https://stayful.jp/,https://stayful.jp/,https://muuuuu.org/industry/interior/15232.html,muuuuu,ec,interior,ec,interior,,,2026-09-08T17:00:31+09:00
muuuuu-15243,https://www.mononcle.jp/,https://www.mononcle.jp/,,muuuuu,"owned-media,webmagazine",,media,other,,,2026-09-08T17:00:31+09:00
muuuuu-15252,https://dive-hiroshima.com/,https://dive-hiroshima.com/,https://muuuuu.org/industry/trip/15252.html,muuuuu,portal,"area,trip",public,area,,,2026-09-08T17:00:31+09:00
muuuuu-15261,https://career.dac.co.jp/,https://career.dac.co.jp/,https://muuuuu.org/industry/technology/15261.html,muuuuu,recruit,technology,recruit,technology,,,2026-09-08T17:00:31+09:00
muuuuu-15276,https://blokwatches.com/,https://blokwatches.com/,https://muuuuu.org/industry/area/15276.html,muuuuu,ec,"area,fashionall",ec,area,,,2026-09-08T17:00:31+09:00
muuuuu-15283,https://www.smtlf.jp/recruit/saiyo/,https://www.smtlf.jp/recruit/saiyo/,https://muuuuu.org/industry/building/15283.html,muuuuu,recruit,finance,recruit,finance,,,2026-09-08T17:00:31+09:00
muuuuu-15339,https://recruit.moneyforward.com/,https://recruit.moneyforward.com/,https://muuuuu.org/industry/technology/15339.html,muuuuu,recruit,life,recruit,life,,,2026-09-08T17:00:31+09:00
muuuuu-15351,https://moheim.com/,https://moheim.com/,https://muuuuu.org/industry/interior/15351.html,muuuuu,ec,interior,ec,interior,,,2026-09-08T17:00:31+09:00
muuuuu-15378,https://www.iken.ac.jp/media/,https://www.iken.ac.jp/media/,https://muuuuu.org/industry/sports/15378.html,muuuuu,webmagazine,"education-service,hospital,school,sports",media,education-service,,,2026-09-08T17:00:31+09:00
muuuuu-15408,https://pr-y.org/,https://pr-y.org/,https://muuuuu.org/industry/art/15408.html,muuuuu,webmagazine,group,media,group,,,2026-09-08T17:00:31+09:00
muuuuu-15423,https://ccolors.jp/,https://ccolors.jp/,https://muuuuu.org/industry/fashionall/15423.html,muuuuu,webmagazine,fashionall,media,fashionall,,,2026-09-08T17:00:31+09:00
muuuuu-15426,https://hugmug.jp/,https://hugmug.jp/,https://muuuuu.org/industry/kids/15426.html,muuuuu,"owned-media,webmagazine","beauty,fashion,kids,kids,kids,kids,kids",media,beauty,,,2026-09-08T17:00:31+09:00
muuuuu-15480,https://www.benesse.co.jp/brand/,https://www.benesse.co.jp/brand/,,muuuuu,webmagazine,"education-service,welfare-care",media,education-service,,,2026-09-08T17:00:31+09:00
muuuuu-15486,https://www.fjnext-hd.co.jp/recruit/,https://www.fjnext-hd.co.jp/recruit/,https://muuuuu.org/industry/trip/15486.html,muuuuu,recruit,"building,trip",recruit,building,,,2026-09-08T17:00:31+09:00
muuuuu-15489,https://www.marketenterprise.co.jp/recruit/?utm_source=me-top&#038;utm_medium=me-top,https://www.marketenterprise.co.jp/recruit/?utm_source=me-top&#038;utm_medium=me-top,https://muuuuu.org/industry/art/15489.html,muuuuu,recruit,life,recruit,life,,,2026-09-08T17:00:31+09:00
muuuuu-15492,https://designing.jp/,https://designing.jp/,https://muuuuu.org/industry/art/15492.html,muuuuu,"owned-media,webmagazine",art,media,art,,,2026-09-08T17:00:31+09:00
muuuuu-15498,http://www.taiyokikaku.com/newcreators2022/,http://www.taiyokikaku.com/newcreators2022/,https://muuuuu.org/industry/entertainment/15498.html,muuuuu,recruit,entertainment,recruit,entertainment,,,2026-09-08T17:00:31+09:00
muuuuu-15507,https://products-store.jp/,https://products-store.jp/,https://muuuuu.org/industry/interior/15507.html,muuuuu,ec,interior,ec,interior,,,2026-09-08T17:00:31+09:00
muuuuu-15538,https://cybozu.co.jp/recruit/,https://cybozu.co.jp/recruit/,https://muuuuu.org/industry/technology/15538.html,muuuuu,recruit,technology,recruit,technology,,,2026-09-08T17:00:31+09:00
muuuuu-15585,https://about.paypay.ne.jp/career/,https://about.paypay.ne.jp/career/,https://muuuuu.org/industry/technology/15585.html,muuuuu,recruit,technology,recruit,technology,,,2026-09-08T17:00:31+09:00
muuuuu-15654,https://www.hatch-888.jp/,https://www.hatch-888.jp/,,muuuuu,portal,,public,other,,,2026-09-08T17:00:31+09:00
muuuuu-15685,https://inquire.jp/author/inquire/,https://inquire.jp/author/inquire/,,muuuuu,webmagazine,life,media,life,,,2026-09-08T17:00:31+09:00
muuuuu-15704,https://abemamoru-shouten.com/,https://abemamoru-shouten.com/,https://muuuuu.org/industry/restaurant/15704.html,muuuuu,ec,"food,restaurant",ec,food,,,2026-09-08T17:00:31+09:00
muuuuu-15796,https://ru-ru-ru.com/,https://ru-ru-ru.com/,https://muuuuu.org/industry/shopping/15796.html,muuuuu,owned-media,shopping,media,shopping,,,2026-09-08T17:00:31+09:00
muuuuu-15798,https://www.northeastshop.jp/,https://www.northeastshop.jp/,https://muuuuu.org/industry/publication/15798.html,muuuuu,ec,publication,ec,publication,,,2026-09-08T17:00:31+09:00
muuuuu-15801,https://recruit.licenseacademy.jp/business/,https://recruit.licenseacademy.jp/business/,,muuuuu,recruit,,recruit,other,,,2026-09-08T17:00:31+09:00
muuuuu-15804,https://marph.com/,https://marph.com/,https://muuuuu.org/industry/art/15804.html,muuuuu,owned-media,art,media,art,,,2026-09-08T17:00:31+09:00
muuuuu-15814,https://mystage.fstage.co.jp/,https://mystage.fstage.co.jp/,https://muuuuu.org/industry/building/15814.html,muuuuu,"owned-media,webmagazine",building,media,building,,,2026-09-08T17:00:31+09:00
muuuuu-15873,https://www.tb-net.jp/,https://www.tb-net.jp/,https://muuuuu.org/industry/fashionall/15873.html,muuuuu,portal,fashionall,public,fashionall,,,2026-09-08T17:00:31+09:00
muuuuu-15876,https://www.freaksstore.com/freakmag/,https://www.freaksstore.com/freakmag/,https://muuuuu.org/industry/beauty/15876.html,muuuuu,webmagazine,"art,beauty,fashionall,life",media,art,,,2026-09-08T17:00:31+09:00
muuuuu-15933,https://science-art-matsudo.net/,https://science-art-matsudo.net/,,muuuuu,owned-media,"group,life",media,group,,,2026-09-08T17:00:31+09:00
muuuuu-15945,https://www.denso.com/jp/ja/driven-base/,https://www.denso.com/jp/ja/driven-base/,https://muuuuu.org/industry/technology/15945.html,muuuuu,"owned-media,webmagazine",life,media,life,,,2026-09-08T17:00:31+09:00
muuuuu-15948,https://www.chagocoro.jp/,https://www.chagocoro.jp/,https://muuuuu.org/industry/interior/15948.html,muuuuu,"owned-media,webmagazine,ec","food,interior,life",media,food,,,2026-09-08T17:00:31+09:00
muuuuu-15951,https://store.nissin.com/,https://store.nissin.com/,https://muuuuu.org/industry/food/15951.html,muuuuu,ec,food,ec,food,,,2026-09-08T17:00:31+09:00
muuuuu-15961,https://yoneshima-shuzo.co.jp/,https://yoneshima-shuzo.co.jp/,https://muuuuu.org/industry/area/15961.html,muuuuu,ec,"area,food",ec,area,,,2026-09-08T17:00:31+09:00
muuuuu-15981,https://droptokyo.com/,https://droptokyo.com/,https://muuuuu.org/industry/fashionall/15981.html,muuuuu,webmagazine,"fashion,fashionall",media,fashion,,,2026-09-08T17:00:31+09:00
muuuuu-15991,https://recruit.actbe.co.jp/,https://recruit.actbe.co.jp/,https://muuuuu.org/industry/technology/15991.html,muuuuu,recruit,technology,recruit,technology,,,2026-09-08T17:00:31+09:00
muuuuu-16007,https://www.intloop.com/recruit/career/,https://www.intloop.com/recruit/career/,,muuuuu,recruit,,recruit,other,,,2026-09-08T17:00:31+09:00
muuuuu-16026,https://www.rollienation.com/,https://www.rollienation.com/,https://muuuuu.org/industry/area/16026.html,muuuuu,ec,"area,fashion,fashionall",ec,area,,,2026-09-08T17:00:31+09:00
muuuuu-16046,https://sgsjapan-career.jp/,https://sgsjapan-career.jp/,https://muuuuu.org/industry/technology/16046.html,muuuuu,recruit,"beauty,life",recruit,beauty,,,2026-09-08T17:00:31+09:00
muuuuu-16050,https://featuredprojects.jp/,https://featuredprojects.jp/,https://muuuuu.org/industry/art/16050.html,muuuuu,owned-media,"art,group",media,art,,,2026-09-08T17:00:31+09:00
muuuuu-16075,https://www.goldwin.co.jp/,https://www.goldwin.co.jp/,https://muuuuu.org/industry/fashionall/16075.html,muuuuu,ec,"fashion,fashionall",ec,fashion,,,2026-09-08T17:00:31+09:00
muuuuu-16087,https://sdgsstory.global.brother/j/,https://sdgsstory.global.brother/j/,https://muuuuu.org/industry/eco/16087.html,muuuuu,portal,"eco,eco,eco,eco,eco,group",public,eco,,,2026-09-08T17:00:31+09:00
muuuuu-16090,https://www.finders-tokyo.co.jp/,https://www.finders-tokyo.co.jp/,https://muuuuu.org/industry/building/16090.html,muuuuu,portal,building,public,building,,,2026-09-08T17:00:31+09:00
muuuuu-16118,https://rouvenat.com/,https://rouvenat.com/,https://muuuuu.org/industry/area/16118.html,muuuuu,ec,"area,fashion,watch,watch,watch,watch,watch",ec,area,,,2026-09-08T17:00:31+09:00
muuuuu-16128,https://tropopause.net/,https://tropopause.net/,https://muuuuu.org/industry/fashionall/16128.html,muuuuu,ec,fashionall,ec,fashionall,,,2026-09-08T17:00:31+09:00
muuuuu-16134,https://bkmkstudio.com/,https://bkmkstudio.com/,https://muuuuu.org/industry/building/16134.html,muuuuu,"owned-media,portal",building,media,building,,,2026-09-08T17:00:31+09:00
muuuuu-16138,https://www.mizuho-fg.co.jp/saiyou/index.html,https://www.mizuho-fg.co.jp/saiyou/index.html,https://muuuuu.org/industry/finance/16138.html,muuuuu,recruit,finance,recruit,finance,,,2026-09-08T17:00:31+09:00
muuuuu-16141,https://recruit.towa-house.com/,https://recruit.towa-house.com/,https://muuuuu.org/industry/building/16141.html,muuuuu,recruit,building,recruit,building,,,2026-09-08T17:00:31+09:00
muuuuu-16144,https://recruit.dac.co.jp/,https://recruit.dac.co.jp/,https://muuuuu.org/industry/technology/16144.html,muuuuu,recruit,technology,recruit,technology,,,2026-09-08T17:00:31+09:00
muuuuu-16156,https://terminal27.com/,https://terminal27.com/,https://muuuuu.org/industry/fashionall/16156.html,muuuuu,ec,fashionall,ec,fashionall,,,2026-09-08T17:00:31+09:00
muuuuu-16183,https://career.mitsui.com/,https://career.mitsui.com/,https://muuuuu.org/industry/technology/16183.html,muuuuu,recruit,company,recruit,company,,,2026-09-08T17:00:31+09:00
muuuuu-16192,https://recruit.frontier-gr.jp/,https://recruit.frontier-gr.jp/,,muuuuu,recruit,,recruit,other,,,2026-09-08T17:00:31+09:00
muuuuu-16202,https://unevenhub.store/,https://unevenhub.store/,https://muuuuu.org/industry/interior/16202.html,muuuuu,"webmagazine,ec","fashionall,interior,shopping",media,fashionall,,,2026-09-08T17:00:31+09:00
muuuuu-16218,https://philipstein.jp/,https://philipstein.jp/,https://muuuuu.org/industry/watch/16218.html,muuuuu,ec,"fashionall,watch,watch,watch,watch,watch",ec,fashionall,,,2026-09-08T17:00:31+09:00
muuuuu-16224,https://recruit.haruka.co.jp/,https://recruit.haruka.co.jp/,https://muuuuu.org/industry/beauty/16224.html,muuuuu,recruit,"beauty,fashion,welfare-care",recruit,beauty,,,2026-09-08T17:00:31+09:00
muuuuu-16239,https://www.yadohouse.jp/,https://www.yadohouse.jp/,https://muuuuu.org/industry/building/16239.html,muuuuu,webmagazine,"building,life",media,building,,,2026-09-08T17:00:31+09:00
muuuuu-16245,https://r-equal.com/recruit/,https://r-equal.com/recruit/,,muuuuu,recruit,,recruit,other,,,2026-09-08T17:00:31+09:00
muuuuu-16253,https://www.filayyyy.com/,https://www.filayyyy.com/,https://muuuuu.org/industry/area/16253.html,muuuuu,ec,"area,fashionall",ec,area,,,2026-09-08T17:00:31+09:00
muuuuu-16300,https://miro.com/ways-we-work/,https://miro.com/ways-we-work/,https://muuuuu.org/industry/area/16300.html,muuuuu,recruit,area,recruit,area,,,2026-09-08T17:00:31+09:00
muuuuu-16311,https://grinweb.jp/,https://grinweb.jp/,,muuuuu,webmagazine,,media,other,,,2026-09-08T17:00:31+09:00
muuuuu-16349,https://www.beams.co.jp/special/2023_taiwan/,https://www.beams.co.jp/special/2023_taiwan/,,muuuuu,owned-media,,media,other,,,2026-09-08T17:00:31+09:00
muuuuu-16364,https://www.featuredprojects.jp/,https://www.featuredprojects.jp/,https://muuuuu.org/industry/art/16364.html,muuuuu,owned-media,art,media,art,,,2026-09-08T17:00:31+09:00
muuuuu-16392,https://www.tokuyama-dental.co.jp/recruit/,https://www.tokuyama-dental.co.jp/recruit/,https://muuuuu.org/industry/hospital/16392.html,muuuuu,recruit,hospital,recruit,hospital,,,2026-09-08T17:00:31+09:00
muuuuu-16398,https://recruit.kokuyo.co.jp/,https://recruit.kokuyo.co.jp/,https://muuuuu.org/industry/interior/16398.html,muuuuu,recruit,interior,recruit,interior,,,2026-09-08T17:00:31+09:00
muuuuu-16405,https://recruit.d-pops.co.jp/,https://recruit.d-pops.co.jp/,https://muuuuu.org/industry/electrical/16405.html,muuuuu,recruit,electrical,recruit,electrical,,,2026-09-08T17:00:31+09:00
muuuuu-16408,https://chimjun.jp/,https://chimjun.jp/,https://muuuuu.org/industry/beauty/16408.html,muuuuu,ec,"beauty,welfare-care",ec,beauty,,,2026-09-08T17:00:31+09:00
muuuuu-16448,https://dei.azabu-u.ac.jp/,https://dei.azabu-u.ac.jp/,https://muuuuu.org/industry/school/16448.html,muuuuu,owned-media,"education-service,school",media,education-service,,,2026-09-08T17:00:31+09:00
muuuuu-16452,https://mag.smarthr.jp/,https://mag.smarthr.jp/,,muuuuu,"owned-media,webmagazine",group,media,group,,,2026-09-08T17:00:31+09:00
muuuuu-16470,https://jiraku.or.jp/,https://jiraku.or.jp/,,muuuuu,owned-media,"group,healthcare,healthcare,healthcare,healthcare,healthcare,welfare-care",media,group,,,2026-09-08T17:00:31+09:00
muuuuu-16477,https://www.toda.co.jp/recruit/fresh/,https://www.toda.co.jp/recruit/fresh/,https://muuuuu.org/industry/building/16477.html,muuuuu,recruit,building,recruit,building,,,2026-09-08T17:00:31+09:00
muuuuu-16480,https://wellulu.com/,https://wellulu.com/,https://muuuuu.org/industry/beauty/16480.html,muuuuu,webmagazine,beauty,media,beauty,,,2026-09-08T17:00:31+09:00
muuuuu-16496,https://taks-task.jp/,https://taks-task.jp/,https://muuuuu.org/industry/interior/16496.html,muuuuu,webmagazine,"art,group,interior",media,art,,,2026-09-08T17:00:31+09:00
muuuuu-16500,https://hakonature.jp/,https://hakonature.jp/,https://muuuuu.org/industry/trip/16500.html,muuuuu,portal,"group,life,trip",public,group,,,2026-09-08T17:00:31+09:00
muuuuu-16511,https://secrid.com/ja-global/,https://secrid.com/ja-global/,https://muuuuu.org/industry/interior/16511.html,muuuuu,ec,"area,interior",ec,area,,,2026-09-08T17:00:31+09:00
muuuuu-16513,https://www.sugino.com/recruit/,https://www.sugino.com/recruit/,https://muuuuu.org/industry/technology/16513.html,muuuuu,recruit,company,recruit,company,,,2026-09-08T17:00:31+09:00
muuuuu-16515,https://supala.shop/,https://supala.shop/,https://muuuuu.org/industry/beauty/16515.html,muuuuu,ec,beauty,ec,beauty,,,2026-09-08T17:00:31+09:00
muuuuu-16547,https://niewmedia.com/,https://niewmedia.com/,https://muuuuu.org/industry/art/16547.html,muuuuu,"owned-media,webmagazine","art,music",media,art,,,2026-09-08T17:00:31+09:00
muuuuu-16569,https://baycrews.jp/event/crewsweek2023ss/,https://baycrews.jp/event/crewsweek2023ss/,https://muuuuu.org/industry/fashionall/16569.html,muuuuu,ec,"fashion,fashionall",ec,fashion,,,2026-09-08T17:00:31+09:00
muuuuu-16586,https://props.studiolumio.com/,https://props.studiolumio.com/,https://muuuuu.org/industry/interior/16586.html,muuuuu,ec,"area,interior",ec,area,,,2026-09-08T17:00:31+09:00
muuuuu-16597,https://www.yadohouse.jp/,https://www.yadohouse.jp/,https://muuuuu.org/industry/interior/16597.html,muuuuu,webmagazine,"interior,life",media,interior,,,2026-09-08T17:00:31+09:00
muuuuu-16602,https://store.unibio.jp/,https://store.unibio.jp/,https://muuuuu.org/industry/food/16602.html,muuuuu,ec,food,ec,food,,,2026-09-08T17:00:31+09:00
muuuuu-16604,https://iwatetown-sdgs.jp/,https://iwatetown-sdgs.jp/,https://muuuuu.org/industry/area/16604.html,muuuuu,owned-media,"area,group,life",media,area,,,2026-09-08T17:00:31+09:00
muuuuu-16619,https://coconala.co.jp/recruit/,https://coconala.co.jp/recruit/,,muuuuu,recruit,,recruit,other,,,2026-09-08T17:00:31+09:00
muuuuu-16629,https://green-spoon.jp/,https://green-spoon.jp/,https://muuuuu.org/industry/food/16629.html,muuuuu,ec,"food,healthcare,healthcare,healthcare,healthcare,healthcare",ec,food,,,2026-09-08T17:00:31+09:00
muuuuu-16631,https://artscouncil-kanazawa.jp/,https://artscouncil-kanazawa.jp/,https://muuuuu.org/industry/area/16631.html,muuuuu,"owned-media,webmagazine","area,art",media,area,,,2026-09-08T17:00:31+09:00
muuuuu-16637,https://bonu-bonu.com/,https://bonu-bonu.com/,https://muuuuu.org/industry/beauty/16637.html,muuuuu,ec,"beauty,welfare-care",ec,beauty,,,2026-09-08T17:00:31+09:00
muuuuu-16642,https://recruit.lion-tax.jp/,https://recruit.lion-tax.jp/,https://muuuuu.org/industry/finance/16642.html,muuuuu,recruit,finance,recruit,finance,,,2026-09-08T17:00:31+09:00
muuuuu-16651,https://sauvenir.jp/,https://sauvenir.jp/,https://muuuuu.org/industry/beauty/16651.html,muuuuu,ec,beauty,ec,beauty,,,2026-09-08T17:00:31+09:00
muuuuu-16663,https://khhk.info/,https://khhk.info/,https://muuuuu.org/industry/publication/16663.html,muuuuu,owned-media,publication,media,publication,,,2026-09-08T17:00:31+09:00
muuuuu-16672,https://mimiguri.co.jp/,https://mimiguri.co.jp/,,muuuuu,owned-media,,media,other,,,2026-09-08T17:00:31+09:00
muuuuu-16681,https://cellato.tokyo/,https://cellato.tokyo/,https://muuuuu.org/industry/restaurant/16681.html,muuuuu,ec,"food,restaurant",ec,food,,,2026-09-08T17:00:31+09:00
muuuuu-16686,https://fuji-gateway.com/,https://fuji-gateway.com/,https://muuuuu.org/industry/sports/16686.html,muuuuu,owned-media,sports,media,sports,,,2026-09-08T17:00:31+09:00
muuuuu-16713,https://syodorin.org/,https://syodorin.org/,,muuuuu,owned-media,,media,other,,,2026-09-08T17:00:31+09:00
muuuuu-16738,https://www.recruit.torikizoku.co.jp/fresh/,https://www.recruit.torikizoku.co.jp/fresh/,https://muuuuu.org/industry/restaurant/16738.html,muuuuu,recruit,restaurant,recruit,restaurant,,,2026-09-08T17:00:31+09:00
muuuuu-16754,https://www.koyama-sendai.org/,https://www.koyama-sendai.org/,,muuuuu,recruit,welfare-care,recruit,welfare-care,,,2026-09-08T17:00:31+09:00
muuuuu-16761,https://inadani-sees.jp/,https://inadani-sees.jp/,,muuuuu,owned-media,,media,other,,,2026-09-08T17:00:31+09:00
muuuuu-16777,https://bnn.co.jp/,https://bnn.co.jp/,https://muuuuu.org/industry/publication/16777.html,muuuuu,ec,"art,publication",ec,art,,,2026-09-08T17:00:31+09:00
muuuuu-16780,https://fas-jp.com/,https://fas-jp.com/,https://muuuuu.org/industry/beauty/16780.html,muuuuu,ec,beauty,ec,beauty,,,2026-09-08T17:00:31+09:00
muuuuu-16792,https://www.daimaru.co.jp/shinsaibashi/webmagazine/,https://www.daimaru.co.jp/shinsaibashi/webmagazine/,,muuuuu,webmagazine,life,media,life,,,2026-09-08T17:00:31+09:00
muuuuu-16826,https://shutl.shochiku.co.jp/,https://shutl.shochiku.co.jp/,,muuuuu,"owned-media,webmagazine",,media,other,,,2026-09-08T17:00:31+09:00
muuuuu-16829,https://www.2016arita.jp/,https://www.2016arita.jp/,https://muuuuu.org/industry/interior/16829.html,muuuuu,ec,interior,ec,interior,,,2026-09-08T17:00:31+09:00
muuuuu-16865,https://www.nagoyatv.com/saiyo/,https://www.nagoyatv.com/saiyo/,https://muuuuu.org/industry/entertainment/16865.html,muuuuu,recruit,entertainment,recruit,entertainment,,,2026-09-08T17:00:31+09:00
muuuuu-16895,https://shop.vermicular.jp/,https://shop.vermicular.jp/,https://muuuuu.org/industry/electrical/16895.html,muuuuu,ec,electrical,ec,electrical,,,2026-09-08T17:00:31+09:00
muuuuu-16898,https://recruit.tver.co.jp/,https://recruit.tver.co.jp/,https://muuuuu.org/industry/entertainment/16898.html,muuuuu,recruit,entertainment,recruit,entertainment,,,2026-09-08T17:00:31+09:00
muuuuu-16916,https://he-group-recruit.jp/,https://he-group-recruit.jp/,https://muuuuu.org/industry/company/16916.html,muuuuu,recruit,company,recruit,company,,,2026-09-08T17:00:31+09:00
muuuuu-16961,https://www.eteweb.com/journalduete/,https://www.eteweb.com/journalduete/,https://muuuuu.org/industry/watch/16961.html,muuuuu,"owned-media,webmagazine","fashion,watch,watch,watch,watch,watch",media,fashion,,,2026-09-08T17:00:31+09:00
muuuuu-16964,https://www.chuo-tax.jp/saiyou/,https://www.chuo-tax.jp/saiyou/,https://muuuuu.org/industry/finance/16964.html,muuuuu,recruit,finance,recruit,finance,,,2026-09-08T17:00:31+09:00
muuuuu-16973,https://fitsole.shop/,https://fitsole.shop/,https://muuuuu.org/industry/area/16973.html,muuuuu,ec,"area,fashionall",ec,area,,,2026-09-08T17:00:31+09:00
muuuuu-16988,https://lee.hpplus.jp/,https://lee.hpplus.jp/,https://muuuuu.org/industry/publication/16988.html,muuuuu,webmagazine,"fashion,publication",media,fashion,,,2026-09-08T17:00:31+09:00
muuuuu-17028,AJ･Flat株式会社,https://ajflat.co.jp/recruit_site/,https://muuuuu.org/industry/technology/17028.html,muuuuu,recruit,technology,recruit,technology,,https://muuuuu.org/wp-content/uploads/2023/10/10.webp,2026-09-08T17:00:31+09:00
muuuuu-17043,いきかえる・いきなおす,https://ikiiki-being.com/,,muuuuu,owned-media,group,media,group,,https://muuuuu.org/wp-content/uploads/2023/10/13.webp,2026-09-08T17:00:31+09:00
muuuuu-17058,Renxa Recruit Site,https://recruit.renxa.co.jp/,https://muuuuu.org/industry/technology/17058.html,muuuuu,recruit,technology,recruit,technology,,https://muuuuu.org/wp-content/uploads/2023/10/7.webp,2026-09-08T17:00:31+09:00
muuuuu-17080,https://fas-jp.com/?browsing=1,https://fas-jp.com/?browsing=1,https://muuuuu.org/industry/beauty/17080.html,muuuuu,ec,"beauty,welfare-care",ec,beauty,,,2026-09-08T17:00:31+09:00
muuuuu-17138,https://www.cataloghouse.co.jp/?sid=top_head_main_logo,https://www.cataloghouse.co.jp/?sid=top_head_main_logo,https://muuuuu.org/industry/interior/17138.html,muuuuu,ec,"fashion,interior,life",ec,fashion,,,2026-09-08T17:00:31+09:00
muuuuu-17158,https://ventureforjapan.or.jp/,https://ventureforjapan.or.jp/,,muuuuu,portal,group,public,group,,,2026-09-08T17:00:31+09:00
muuuuu-17181,https://relilla.com/,https://relilla.com/,https://muuuuu.org/industry/beauty/17181.html,muuuuu,ec,"beauty,welfare-care",ec,beauty,,,2026-09-08T17:00:31+09:00
muuuuu-17183,https://jobs.freee.co.jp/,https://jobs.freee.co.jp/,https://muuuuu.org/industry/technology/17183.html,muuuuu,recruit,technology,recruit,technology,,,2026-09-08T17:00:31+09:00
muuuuu-17187,https://www.whitebirdjewellery.com/,https://www.whitebirdjewellery.com/,https://muuuuu.org/industry/fashionall/17187.html,muuuuu,ec,fashionall,ec,fashionall,,,2026-09-08T17:00:31+09:00
muuuuu-17422,Sansan株式会社,https://jp.corp-sansan.com/recruit/midcareer/,https://muuuuu.org/industry/technology/17422.html,muuuuu,recruit,technology,recruit,technology,,https://muuuuu.org/wp-content/uploads/2023/11/2.webp,2026-09-08T17:00:31+09:00
muuuuu-17429,https://www.e-begin.jp/,https://www.e-begin.jp/,https://muuuuu.org/industry/fashionall/17429.html,muuuuu,webmagazine,fashionall,media,fashionall,,,2026-09-08T17:00:31+09:00
muuuuu-17433,https://www.city.shibuya.tokyo.jp/,https://www.city.shibuya.tokyo.jp/,https://muuuuu.org/industry/area/17433.html,muuuuu,portal,area,public,area,,,2026-09-08T17:00:31+09:00
muuuuu-17442,社会福祉法人 明照園,https://meishoen.com/,,muuuuu,owned-media,welfare-care,media,welfare-care,,https://muuuuu.org/wp-content/uploads/2023/12/25-6.webp,2026-09-08T17:00:31+09:00
muuuuu-17452,https://lumine-recruit.jp/index.html,https://lumine-recruit.jp/index.html,https://muuuuu.org/industry/shopping/17452.html,muuuuu,recruit,shopping,recruit,shopping,,,2026-09-08T17:00:31+09:00
muuuuu-17459,https://www.monexgroup.jp/recruit/index.html,https://www.monexgroup.jp/recruit/index.html,https://muuuuu.org/industry/finance/17459.html,muuuuu,recruit,finance,recruit,finance,,,2026-09-08T17:00:31+09:00
muuuuu-17503,https://dely.jp/careers,https://dely.jp/careers,,muuuuu,recruit,life,recruit,life,,,2026-09-08T17:00:31+09:00
muuuuu-17515,https://career-palette.kobe-wu.ac.jp/,https://career-palette.kobe-wu.ac.jp/,https://muuuuu.org/industry/school/17515.html,muuuuu,"owned-media,webmagazine","education-service,school",media,education-service,,,2026-09-08T17:00:31+09:00
muuuuu-17521,SmartHR Mag.,https://mag.smarthr.jp/,https://muuuuu.org/industry/technology/17521.html,muuuuu,"owned-media,webmagazine",technology,media,technology,,https://muuuuu.org/wp-content/uploads/2023/12/15.webp,2026-09-08T17:00:31+09:00
muuuuu-17545,https://maa-recruit.jp/,https://maa-recruit.jp/,,muuuuu,recruit,,recruit,other,,,2026-09-08T17:00:31+09:00
muuuuu-17575,Worker&#8217;s Resort,https://www.workersresort.com/,https://muuuuu.org/industry/building/17575.html,muuuuu,"owned-media,portal",building,media,building,,https://muuuuu.org/wp-content/uploads/2024/01/5.webp,2026-09-08T17:00:31+09:00
muuuuu-17577,雑貨屋HAPPENING,https://happening.store/,https://muuuuu.org/industry/interior/17577.html,muuuuu,"owned-media,ec",interior,media,interior,,https://muuuuu.org/wp-content/uploads/2024/01/4.webp,2026-09-08T17:00:31+09:00
muuuuu-17603,https://www.orixbank.co.jp/aboutus/recruit/mid-career/,https://www.orixbank.co.jp/aboutus/recruit/mid-career/,https://muuuuu.org/industry/finance/17603.html,muuuuu,recruit,finance,recruit,finance,,,2026-09-08T17:00:31+09:00
muuuuu-17642,株式会社DAY TO LIFE,https://recruit.daytolife.co.jp/,https://muuuuu.org/industry/food/17642.html,muuuuu,recruit,food,recruit,food,,https://muuuuu.org/wp-content/uploads/2024/02/10.webp,2026-09-08T17:00:31+09:00
muuuuu-17646,https://daft-about-draft.com/,https://daft-about-draft.com/,https://muuuuu.org/industry/interior/17646.html,muuuuu,ec,interior,ec,interior,,,2026-09-08T17:00:31+09:00
muuuuu-17674,https://www.goldwin.co.jp/store/,https://www.goldwin.co.jp/store/,https://muuuuu.org/industry/fashionall/17674.html,muuuuu,ec,fashionall,ec,fashionall,,,2026-09-08T17:00:31+09:00
muuuuu-17676,さくら不動産,https://sakurafudousan.jp/,https://muuuuu.org/industry/building/17676.html,muuuuu,portal,building,public,building,,https://muuuuu.org/wp-content/uploads/2024/02/4.webp,2026-09-08T17:00:31+09:00
muuuuu-17680,株式会社TSI 採用サイト,https://www.tsi-holdings.com/recruit.html,https://muuuuu.org/industry/fashionall/17680.html,muuuuu,recruit,fashionall,recruit,fashionall,,https://muuuuu.org/wp-content/uploads/2024/02/3.webp,2026-09-08T17:00:31+09:00
muuuuu-17682,GROVING BASE,https://groving-base.jp/,https://muuuuu.org/industry/shopping/17682.html,muuuuu,owned-media,"life,shopping",media,life,,https://muuuuu.org/wp-content/uploads/2024/02/2.webp,2026-09-08T17:00:31+09:00
muuuuu-17684,https://brighte.jp/,https://brighte.jp/,https://muuuuu.org/industry/beauty/17684.html,muuuuu,"brand,ec","beauty,electrical",ec,beauty,,,2026-09-08T17:00:31+09:00
muuuuu-17691,https://harmonies.kumon.ne.jp/,https://harmonies.kumon.ne.jp/,https://muuuuu.org/industry/kids/17691.html,muuuuu,"owned-media,portal","education-service,kids,kids,kids,kids,kids",media,education-service,,,2026-09-08T17:00:31+09:00
muuuuu-17705,https://edesigninteractive.com/cpg-marketing-services/,https://edesigninteractive.com/cpg-marketing-services/,https://muuuuu.org/industry/technology/17705.html,muuuuu,brand,technology,brand,technology,,,2026-09-08T17:00:31+09:00
muuuuu-17711,https://bonx.co/work/,https://bonx.co/work/,https://muuuuu.org/industry/technology/17711.html,muuuuu,brand,technology,brand,technology,,,2026-09-08T17:00:31+09:00
muuuuu-17725,https://addspice.jp/,https://addspice.jp/,https://muuuuu.org/industry/area/17725.html,muuuuu,portal,"area,building",public,area,,,2026-09-08T17:00:31+09:00
muuuuu-17734,産経デジタル採用サイト,https://www.sankei-digital.co.jp/recruit/,https://muuuuu.org/industry/publication/17734.html,muuuuu,recruit,publication,recruit,publication,,https://muuuuu.org/wp-content/uploads/2024/03/10.png,2026-09-08T17:00:31+09:00
muuuuu-17736,株式会社SmartHR,https://recruit.smarthr.co.jp/,https://muuuuu.org/industry/technology/17736.html,muuuuu,recruit,technology,recruit,technology,,https://muuuuu.org/wp-content/uploads/2024/03/9.png,2026-09-08T17:00:31+09:00
muuuuu-17748,https://www.tokyu-land.co.jp/recruit/graduate/,https://www.tokyu-land.co.jp/recruit/graduate/,https://muuuuu.org/industry/building/17748.html,muuuuu,recruit,building,recruit,building,,,2026-09-08T17:00:31+09:00
muuuuu-17752,https://cuebic.co.jp/recruit/careers/,https://cuebic.co.jp/recruit/careers/,https://muuuuu.org/industry/technology/17752.html,muuuuu,recruit,technology,recruit,technology,,,2026-09-08T17:00:31+09:00
muuuuu-17754,サンセイテクノス採用サイト,https://www.sanseitechnos.co.jp/recruit/,https://muuuuu.org/industry/technology/17754.html,muuuuu,recruit,"company,technology",recruit,company,,https://muuuuu.org/wp-content/uploads/2024/03/6.png,2026-09-08T17:00:31+09:00
muuuuu-17760,https://www.nikoand.jp/,https://www.nikoand.jp/,https://muuuuu.org/industry/fashionall/17760.html,muuuuu,"webmagazine,ec","fashion,fashionall",media,fashion,,,2026-09-08T17:00:31+09:00
muuuuu-17768,https://terra1012.com/,https://terra1012.com/,https://muuuuu.org/industry/fashion/17768.html,muuuuu,ec,fashion,ec,fashion,,,2026-09-08T17:00:31+09:00
muuuuu-17780,https://tcdesign.toyotaconnected.co.jp/,https://tcdesign.toyotaconnected.co.jp/,https://muuuuu.org/industry/art/17780.html,muuuuu,brand,"art,car",brand,art,,,2026-09-08T17:00:31+09:00
muuuuu-17782,https://meoto.jp/,https://meoto.jp/,https://muuuuu.org/industry/interior/17782.html,muuuuu,brand,interior,brand,interior,,,2026-09-08T17:00:31+09:00
muuuuu-17786,DIG THE TEA,https://digthetea.com/,https://muuuuu.org/industry/food/17786.html,muuuuu,"owned-media,webmagazine",food,media,food,,https://muuuuu.org/wp-content/uploads/2024/03/2.png,2026-09-08T17:00:31+09:00
muuuuu-17792,パナソニック インダストリー,https://recruit.industry.panasonic.com/,https://muuuuu.org/industry/technology/17792.html,muuuuu,recruit,"company,technology",recruit,company,,https://muuuuu.org/wp-content/uploads/2024/03/1.png,2026-09-08T17:00:31+09:00
muuuuu-17794,IKUS FURNI &#038; COO,https://ikus.furniture/,https://muuuuu.org/industry/interior/17794.html,muuuuu,brand,interior,brand,interior,,https://muuuuu.org/wp-content/uploads/2024/04/14.webp,2026-09-08T17:00:31+09:00
muuuuu-17802,https://www.itochu-f.co.jp/recruit/,https://www.itochu-f.co.jp/recruit/,https://muuuuu.org/industry/food/17802.html,muuuuu,recruit,food,recruit,food,,,2026-09-08T17:00:31+09:00
muuuuu-17810,https://www.h-products.co.jp/recruit/unmei/,https://www.h-products.co.jp/recruit/unmei/,,muuuuu,recruit,,recruit,other,,,2026-09-08T17:00:31+09:00
muuuuu-17812,学校法人四條畷学園創立100周年記念サイト,https://next100.shijonawate-gakuen.ac.jp/,https://muuuuu.org/industry/school/17812.html,muuuuu,brand,"education-service,school",brand,education-service,,https://muuuuu.org/wp-content/uploads/2024/04/12.webp,2026-09-08T17:00:31+09:00
muuuuu-17818,https://hakusuku.jp/recruit/,https://hakusuku.jp/recruit/,,muuuuu,recruit,,recruit,other,,,2026-09-08T17:00:31+09:00
muuuuu-17822,https://lifelabel.jp/,https://lifelabel.jp/,https://muuuuu.org/industry/building/17822.html,muuuuu,"owned-media,webmagazine","building,life",media,building,,,2026-09-08T17:00:31+09:00
muuuuu-17826,https://dozo-gift.com/,https://dozo-gift.com/,https://muuuuu.org/industry/interior/17826.html,muuuuu,"owned-media,brand,ec",interior,media,interior,,,2026-09-08T17:00:31+09:00
muuuuu-17834,ILO ｜リンナイ公式ストア,https://products.rinnai-style.jp/ilo/,https://muuuuu.org/industry/electrical/17834.html,muuuuu,brand,electrical,brand,electrical,,https://muuuuu.org/wp-content/uploads/2024/04/8.webp,2026-09-08T17:00:31+09:00
muuuuu-17836,MiSO TONE,https://misotone.m-hand.co.jp/,https://muuuuu.org/industry/area/17836.html,muuuuu,"owned-media,brand",area,media,area,,https://muuuuu.org/wp-content/uploads/2024/04/7.webp,2026-09-08T17:00:31+09:00
muuuuu-17854,株式会社NTTデータ経営研究所 Recruiting site,https://www.nttdata-strategy.com/recruit/,https://muuuuu.org/industry/technology/17854.html,muuuuu,recruit,technology,recruit,technology,,https://muuuuu.org/wp-content/uploads/2024/04/5.webp,2026-09-08T17:00:31+09:00
muuuuu-17870,ZANE ARTS,https://zanearts.com/,https://muuuuu.org/industry/sports/17870.html,muuuuu,brand,sports,brand,sports,,https://muuuuu.org/wp-content/uploads/2024/04/3.webp,2026-09-08T17:00:31+09:00
muuuuu-17882,https://www.lyon-beton.com/,https://www.lyon-beton.com/,https://muuuuu.org/industry/interior/17882.html,muuuuu,ec,interior,ec,interior,,,2026-09-08T17:00:31+09:00
muuuuu-17886,https://suigei.co.jp/,https://suigei.co.jp/,https://muuuuu.org/industry/beauty/17886.html,muuuuu,"brand,ec","beauty,food",ec,beauty,,,2026-09-08T17:00:31+09:00
muuuuu-17888,https://saiyo.okamura.co.jp/graduate/,https://saiyo.okamura.co.jp/graduate/,https://muuuuu.org/industry/shopping/17888.html,muuuuu,recruit,"building,shopping",recruit,building,,,2026-09-08T17:00:31+09:00
muuuuu-17894,であうにあう編集部,https://www.nikoand.jp/2024campaign/springsummer/,https://muuuuu.org/industry/fashion/17894.html,muuuuu,portal,fashion,public,fashion,,https://muuuuu.org/wp-content/uploads/2024/05/17-6.webp,2026-09-08T17:00:31+09:00
muuuuu-17896,ONGROUND（オングラウンド）,https://onground.doda.jp/,https://muuuuu.org/industry/sports/17896.html,muuuuu,"owned-media,portal","human-resources,human-resources,human-resources,human-resources,human-resources,sports",media,human-resources,,https://muuuuu.org/wp-content/uploads/2024/05/16-6.png,2026-09-08T17:00:31+09:00
muuuuu-17898,株式会社日能研関西,https://recruit-nichinoken-kansai.jp/,https://muuuuu.org/industry/school/17898.html,muuuuu,recruit,"education-service,school",recruit,education-service,,https://muuuuu.org/wp-content/uploads/2024/05/15.png,2026-09-08T17:00:31+09:00
muuuuu-17902,もしも、この宿ではたらいたら,https://moshiyado.com/,https://muuuuu.org/industry/trip/17902.html,muuuuu,brand,trip,brand,trip,,https://muuuuu.org/wp-content/uploads/2024/05/14.png,2026-09-08T17:00:31+09:00
muuuuu-17908,https://www.cielia.com/m/special/plus/,https://www.cielia.com/m/special/plus/,https://muuuuu.org/industry/building/17908.html,muuuuu,brand,building,brand,building,,,2026-09-08T17:00:31+09:00
muuuuu-17913,recruit｜Dive｜株式会社ダイブ,https://recruit.dive.design/,https://muuuuu.org/industry/trip/17913.html,muuuuu,recruit,trip,recruit,trip,,https://muuuuu.org/wp-content/uploads/2024/05/11.png,2026-09-08T17:00:31+09:00
muuuuu-17917,コタエル信託,https://trust.kotaeru.co.jp/,https://muuuuu.org/industry/finance/17917.html,muuuuu,brand,finance,brand,finance,,https://muuuuu.org/wp-content/uploads/2024/05/9.png,2026-09-08T17:00:31+09:00
muuuuu-17938,https://www.heralbony.jp/,https://www.heralbony.jp/,https://muuuuu.org/industry/art/17938.html,muuuuu,ec,art,ec,art,,,2026-09-08T17:00:31+09:00
muuuuu-17949,https://hoegaarden.jp/,https://hoegaarden.jp/,https://muuuuu.org/industry/food/17949.html,muuuuu,brand,food,brand,food,,,2026-09-08T17:00:31+09:00
muuuuu-17957,しるくるとみおか,https://www.tomioka-silk.jp/,https://muuuuu.org/industry/trip/17957.html,muuuuu,brand,"area,trip",brand,area,,https://muuuuu.org/wp-content/uploads/2024/05/5.png,2026-09-08T17:00:31+09:00
muuuuu-17961,星野リゾート公式サイト,https://hoshinoresorts.com/jp/,https://muuuuu.org/industry/trip/17961.html,muuuuu,portal,trip,public,trip,,https://muuuuu.org/wp-content/uploads/2024/05/4.png,2026-09-08T17:00:31+09:00
muuuuu-17967,https://evervault.com/,https://evervault.com/,https://muuuuu.org/industry/finance/17967.html,muuuuu,brand,finance,brand,finance,,,2026-09-08T17:00:31+09:00
muuuuu-17971,そでらぼ（ソーシャルデザインラボ）,https://cybozu.co.jp/sodelab/,,muuuuu,brand,"group,life",brand,group,,https://muuuuu.org/wp-content/uploads/2024/05/2.png,2026-09-08T17:00:31+09:00
muuuuu-17975,TORiX株式会社,https://www.torix-corp.com/,,muuuuu,portal,group,public,group,,https://muuuuu.org/wp-content/uploads/2024/05/1.png,2026-09-08T17:00:31+09:00
muuuuu-17983,店舗デザイン・内装のSTORE PALETTE,https://store-palette.com/,https://muuuuu.org/industry/building/17983.html,muuuuu,brand,"art,building,life",brand,art,,https://muuuuu.org/wp-content/uploads/2024/06/11.png,2026-09-08T17:00:31+09:00
muuuuu-17987,https://payloadcms.com/,https://payloadcms.com/,https://muuuuu.org/industry/technology/17987.html,muuuuu,brand,technology,brand,technology,,,2026-09-08T17:00:31+09:00
muuuuu-17989,https://seen.com/,https://seen.com/,https://muuuuu.org/industry/finance/17989.html,muuuuu,brand,finance,brand,finance,,,2026-09-08T17:00:31+09:00
muuuuu-18009,https://daylightcomputer.com/,https://daylightcomputer.com/,https://muuuuu.org/industry/electrical/18009.html,muuuuu,brand,electrical,brand,electrical,,,2026-09-08T17:00:31+09:00
muuuuu-18026,https://www.hevahealth.com/,https://www.hevahealth.com/,https://muuuuu.org/industry/beauty/18026.html,muuuuu,brand,"beauty,healthcare,healthcare,healthcare,healthcare,healthcare",brand,beauty,,,2026-09-08T17:00:31+09:00
muuuuu-18030,https://www.kinfolk.com/,https://www.kinfolk.com/,https://muuuuu.org/industry/publication/18030.html,muuuuu,owned-media,publication,media,publication,,,2026-09-08T17:00:31+09:00
muuuuu-18034,https://hanako.tokyo/,https://hanako.tokyo/,https://muuuuu.org/industry/restaurant/18034.html,muuuuu,webmagazine,"food,life,restaurant",media,food,,,2026-09-08T17:00:31+09:00
muuuuu-18037,https://beyondarchitecture.jp/,https://beyondarchitecture.jp/,https://muuuuu.org/industry/building/18037.html,muuuuu,"owned-media,webmagazine","art,building",media,art,,,2026-09-08T17:00:31+09:00
muuuuu-18046,https://masht-star.jp/,https://masht-star.jp/,https://muuuuu.org/industry/fashionall/18046.html,muuuuu,ec,fashionall,ec,fashionall,,,2026-09-08T17:00:31+09:00
muuuuu-18048,https://855-how-to-quit.org/,https://855-how-to-quit.org/,https://muuuuu.org/industry/hospital/18048.html,muuuuu,"owned-media,brand","healthcare,healthcare,healthcare,healthcare,healthcare,hospital",media,healthcare,,,2026-09-08T17:00:31+09:00
muuuuu-18073,https://www.honda-jobs.com/,https://www.honda-jobs.com/,https://muuuuu.org/industry/car/18073.html,muuuuu,recruit,car,recruit,car,,,2026-09-08T17:00:31+09:00
muuuuu-18087,EDITORA | TIMELESS FUSION,https://editora.jp/,https://muuuuu.org/industry/interior/18087.html,muuuuu,brand,interior,brand,interior,,https://muuuuu.org/wp-content/uploads/2024/07/7.webp,2026-09-08T17:00:31+09:00
muuuuu-18091,DNP INNOVATION PORT-大日本印刷株式会社,https://www.dnp-innovationport.com/,https://muuuuu.org/industry/technology/18091.html,muuuuu,portal,technology,public,technology,,https://muuuuu.org/wp-content/uploads/2024/07/6.webp,2026-09-08T17:00:31+09:00
muuuuu-18099,https://jp.ub-speeda.com/,https://jp.ub-speeda.com/,https://muuuuu.org/industry/technology/18099.html,muuuuu,brand,technology,brand,technology,,,2026-09-08T17:00:31+09:00
muuuuu-18135,https://counterculturecoffee.com/pages/transparency-report,https://counterculturecoffee.com/pages/transparency-report,https://muuuuu.org/industry/food/18135.html,muuuuu,brand,food,brand,food,,,2026-09-08T17:00:31+09:00
muuuuu-18147,https://www.reseau-teria.com/,https://www.reseau-teria.com/,https://muuuuu.org/industry/technology/18147.html,muuuuu,brand,technology,brand,technology,,,2026-09-08T17:00:31+09:00
muuuuu-18160,https://gelcare.com/,https://gelcare.com/,https://muuuuu.org/industry/fashion/18160.html,muuuuu,ec,fashion,ec,fashion,,,2026-09-08T17:00:31+09:00
muuuuu-18175,https://www.canopyservicing.com/,https://www.canopyservicing.com/,https://muuuuu.org/industry/technology/18175.html,muuuuu,brand,technology,brand,technology,,,2026-09-08T17:00:31+09:00
muuuuu-18177,https://kabatafitness.webflow.io/,https://kabatafitness.webflow.io/,https://muuuuu.org/industry/sports/18177.html,muuuuu,brand,"beauty,healthcare,healthcare,healthcare,healthcare,healthcare,sports",brand,beauty,,,2026-09-08T17:00:31+09:00
muuuuu-18179,雑っていいこと | はくばく,https://hakubaku-zatsu.jp/,https://muuuuu.org/industry/food/18179.html,muuuuu,"owned-media,webmagazine","food,life",media,food,,https://muuuuu.org/wp-content/uploads/2024/08/4.webp,2026-09-08T17:00:31+09:00
muuuuu-18181,https://www.liplab.com/,https://www.liplab.com/,https://muuuuu.org/industry/beauty/18181.html,muuuuu,ec,beauty,ec,beauty,,,2026-09-08T17:00:31+09:00
muuuuu-18187,https://www.pasconet.co.jp/choujuku/,https://www.pasconet.co.jp/choujuku/,https://muuuuu.org/industry/food/18187.html,muuuuu,brand,food,brand,food,,,2026-09-08T17:00:31+09:00
muuuuu-18189,https://redbrick.coffee/,https://redbrick.coffee/,https://muuuuu.org/industry/food/18189.html,muuuuu,ec,food,ec,food,,,2026-09-08T17:00:31+09:00
muuuuu-18212,https://mynasnacks.com/,https://mynasnacks.com/,https://muuuuu.org/industry/food/18212.html,muuuuu,"brand,ec",food,ec,food,,,2026-09-08T17:00:31+09:00
muuuuu-18222,デニム祭 | 45R,https://45r.jp/ja/denim-matsuri/,https://muuuuu.org/industry/fashionall/18222.html,muuuuu,brand,fashionall,brand,fashionall,,https://muuuuu.org/wp-content/uploads/2024/08/1.webp,2026-09-08T17:00:31+09:00
muuuuu-18232,https://blue-yard.jp/,https://blue-yard.jp/,https://muuuuu.org/industry/restaurant/18232.html,muuuuu,brand,restaurant,brand,restaurant,,,2026-09-08T17:00:31+09:00
muuuuu-18234,MI-6（エムアイシックス）株式会社,https://mi-6.co.jp/,https://muuuuu.org/industry/technology/18234.html,muuuuu,owned-media,technology,media,technology,,https://muuuuu.org/wp-content/uploads/2024/09/16-6.webp,2026-09-08T17:00:31+09:00
muuuuu-18253,株式会社ON 採用サイト,https://recruit.zoccon.me/,,muuuuu,recruit,,recruit,other,,https://muuuuu.org/wp-content/uploads/2024/09/12.webp,2026-09-08T17:00:31+09:00
muuuuu-18261,こがしバターケーキ,https://kogashibutter.com/,https://muuuuu.org/industry/food/18261.html,muuuuu,brand,food,brand,food,,https://muuuuu.org/wp-content/uploads/2024/09/9.webp,2026-09-08T17:00:31+09:00
muuuuu-18265,赤箱のススメ,https://cow-aka.jp/,https://muuuuu.org/industry/interior/18265.html,muuuuu,"owned-media,webmagazine,brand","interior,welfare-care",media,interior,,https://muuuuu.org/wp-content/uploads/2024/09/8.webp,2026-09-08T17:00:31+09:00
muuuuu-18269,Nstock株式会社 採用サイト,https://recruit.nstock.co.jp/,https://muuuuu.org/industry/technology/18269.html,muuuuu,recruit,technology,recruit,technology,,https://muuuuu.org/wp-content/uploads/2024/09/6.webp,2026-09-08T17:00:31+09:00
muuuuu-18291,https://www.okuibuki.jp/recruit/,https://www.okuibuki.jp/recruit/,https://muuuuu.org/industry/shopping/18291.html,muuuuu,recruit,"shopping,trip",recruit,shopping,,,2026-09-08T17:00:31+09:00
muuuuu-18297,https://hirakata-elcl.jp/,https://hirakata-elcl.jp/,https://muuuuu.org/industry/kids/18297.html,muuuuu,portal,"area,kids,kids,kids,kids,kids,shopping",public,area,,,2026-09-08T17:00:31+09:00
muuuuu-18305,新都市企画,https://www.n-up.co.jp/career/,https://muuuuu.org/industry/area/18305.html,muuuuu,recruit,"area,building",recruit,area,,https://muuuuu.org/wp-content/uploads/2024/09/2.webp,2026-09-08T17:00:31+09:00
muuuuu-18310,株式会社アイトー,https://aito.co.jp/,https://muuuuu.org/industry/interior/18310.html,muuuuu,ec,interior,ec,interior,,https://muuuuu.org/wp-content/uploads/2024/09/1.webp,2026-09-08T17:00:31+09:00
muuuuu-18322,https://www.kurokawa-echoes.jp/,https://www.kurokawa-echoes.jp/,https://muuuuu.org/industry/trip/18322.html,muuuuu,"owned-media,webmagazine","area,trip",media,area,,,2026-09-08T17:00:31+09:00
muuuuu-18337,ワンダー WANDER,https://wander.co.jp/,https://muuuuu.org/industry/building/18337.html,muuuuu,"webmagazine,portal",building,media,building,,https://muuuuu.org/wp-content/uploads/2024/10/11.webp,2026-09-08T17:00:31+09:00
muuuuu-18341,TOPCON DX,https://www.topcon.co.jp/dx/ja/,https://muuuuu.org/industry/technology/18341.html,muuuuu,brand,"education-service,technology",brand,education-service,,https://muuuuu.org/wp-content/uploads/2024/10/10.webp,2026-09-08T17:00:31+09:00
muuuuu-18349,https://transit.jp/,https://transit.jp/,https://muuuuu.org/industry/trip/18349.html,muuuuu,"owned-media,webmagazine",trip,media,trip,,,2026-09-08T17:00:31+09:00
muuuuu-18351,＆あんふぁん,https://enfant.media/,https://muuuuu.org/industry/kids/18351.html,muuuuu,webmagazine,"kids,kids,kids,kids,kids",media,kids,,https://muuuuu.org/wp-content/uploads/2024/10/9.webp,2026-09-08T17:00:31+09:00
muuuuu-18356,https://www.radiatinghope.org/,https://www.radiatinghope.org/,https://muuuuu.org/industry/eco/18356.html,muuuuu,brand,"eco,eco,eco,eco,eco,healthcare,healthcare,healthcare,healthcare,healthcare,hospital",brand,eco,,,2026-09-08T17:00:31+09:00
muuuuu-18360,GO!PEACE! | フェリシモ,https://www.felissimo.co.jp/gopeace/,https://muuuuu.org/industry/interior/18360.html,muuuuu,"owned-media,webmagazine","eco,eco,eco,eco,eco,interior,life",media,eco,,https://muuuuu.org/wp-content/uploads/2024/10/7.webp,2026-09-08T17:00:31+09:00
muuuuu-18364,株式会社TeaRoom,https://career.tearoom.co.jp/,https://muuuuu.org/industry/food/18364.html,muuuuu,recruit,food,recruit,food,,https://muuuuu.org/wp-content/uploads/2024/10/5.webp,2026-09-08T17:00:31+09:00
muuuuu-18368,https://www.oakame.com/en/,https://www.oakame.com/en/,https://muuuuu.org/industry/interior/18368.html,muuuuu,ec,interior,ec,interior,,,2026-09-08T17:00:31+09:00
muuuuu-18380,Next 10 Chairs,https://www.next10chairs.com/,https://muuuuu.org/industry/interior/18380.html,muuuuu,brand,interior,brand,interior,,https://muuuuu.org/wp-content/uploads/2024/10/3.webp,2026-09-08T17:00:31+09:00
muuuuu-18384,https://www.gumbo.kitchen/,https://www.gumbo.kitchen/,https://muuuuu.org/industry/food/18384.html,muuuuu,portal,"food,life",public,food,,,2026-09-08T17:00:31+09:00
muuuuu-18397,https://www.amzigo.com/,https://www.amzigo.com/,https://muuuuu.org/industry/technology/18397.html,muuuuu,brand,technology,brand,technology,,,2026-09-08T17:00:31+09:00
muuuuu-18403,https://www.tid.ac.jp/,https://www.tid.ac.jp/,https://muuuuu.org/industry/school/18403.html,muuuuu,owned-media,"education-service,school",media,education-service,,,2026-09-08T17:00:31+09:00
muuuuu-18405,https://recruit.kodansha.co.jp/2026/,https://recruit.kodansha.co.jp/2026/,https://muuuuu.org/industry/publication/18405.html,muuuuu,recruit,publication,recruit,publication,,,2026-09-08T17:00:31+09:00
muuuuu-18413,https://wondering.jp/,https://wondering.jp/,https://muuuuu.org/industry/interior/18413.html,muuuuu,"owned-media,ec","building,interior",media,building,,,2026-09-08T17:00:31+09:00
muuuuu-18415,https://www.sonpo.or.jp/sme_insurance/,https://www.sonpo.or.jp/sme_insurance/,https://muuuuu.org/industry/finance/18415.html,muuuuu,"owned-media,portal",finance,media,finance,,,2026-09-08T17:00:31+09:00
muuuuu-18423,ケンコーマヨネーズ株式会社,https://www.kenkomayo.co.jp/cms/recruit/fresh/index.html,https://muuuuu.org/industry/food/18423.html,muuuuu,recruit,food,recruit,food,,https://muuuuu.org/wp-content/uploads/2024/11/11.webp,2026-09-08T17:00:31+09:00
muuuuu-18442,https://tightbooth.com/,https://tightbooth.com/,https://muuuuu.org/industry/fashionall/18442.html,muuuuu,ec,fashionall,ec,fashionall,,,2026-09-08T17:00:31+09:00
muuuuu-18454,https://koffiracha.com/,https://koffiracha.com/,https://muuuuu.org/industry/food/18454.html,muuuuu,"brand,ec",food,ec,food,,,2026-09-08T17:00:31+09:00
muuuuu-18456,株式会社UZUZホールディングス,https://uzuz-holdings.jp/,https://muuuuu.org/industry/technology/18456.html,muuuuu,brand,"human-resources,human-resources,human-resources,human-resources,human-resources,school,technology",brand,human-resources,,https://muuuuu.org/wp-content/uploads/2024/11/7.webp,2026-09-08T17:00:31+09:00
muuuuu-18460,https://recruit.iij-engineering.co.jp/,https://recruit.iij-engineering.co.jp/,https://muuuuu.org/industry/technology/18460.html,muuuuu,recruit,technology,recruit,technology,,,2026-09-08T17:00:31+09:00
muuuuu-18467,https://senseisland.com/,https://senseisland.com/,https://muuuuu.org/industry/area/18467.html,muuuuu,brand,area,brand,area,,,2026-09-08T17:00:31+09:00
muuuuu-18473,TRANSIT FIELD,https://transit-field.me/,,muuuuu,brand,,brand,other,,https://muuuuu.org/wp-content/uploads/2024/11/5.webp,2026-09-08T17:00:31+09:00
muuuuu-18475,https://tarzanweb.jp/,https://tarzanweb.jp/,https://muuuuu.org/industry/sports/18475.html,muuuuu,"owned-media,webmagazine,brand","beauty,sports",media,beauty,,,2026-09-08T17:00:31+09:00
muuuuu-18481,https://fieldresearchlab.goldwin.co.jp/,https://fieldresearchlab.goldwin.co.jp/,https://muuuuu.org/industry/eco/18481.html,muuuuu,"webmagazine,brand","eco,eco,eco,eco,eco,sports",media,eco,,,2026-09-08T17:00:31+09:00
muuuuu-18483,Layout.net,https://layout.net/,,muuuuu,brand,group,brand,group,,https://muuuuu.org/wp-content/uploads/2024/11/3.webp,2026-09-08T17:00:31+09:00
muuuuu-18485,NewsPicks Brand Design,https://branddesign.newspicks.com/,https://muuuuu.org/industry/technology/18485.html,muuuuu,"owned-media,brand",technology,media,technology,,https://muuuuu.org/wp-content/uploads/2024/11/2.webp,2026-09-08T17:00:31+09:00
muuuuu-18487,株式会社ファインズアート,https://fines-art.com/,https://muuuuu.org/industry/art/18487.html,muuuuu,brand,art,brand,art,,https://muuuuu.org/wp-content/uploads/2024/11/1.webp,2026-09-08T17:00:31+09:00
muuuuu-18489,株式会社マリモクラフト,https://marimocraft.co.jp/,https://muuuuu.org/industry/interior/18489.html,muuuuu,brand,interior,brand,interior,,https://muuuuu.org/wp-content/uploads/2024/12/19-6.webp,2026-09-08T17:00:31+09:00
muuuuu-18493,Kikka Hirado,https://kikka-hirado.com/,https://muuuuu.org/industry/trip/18493.html,muuuuu,brand,"area,trip",brand,area,,https://muuuuu.org/wp-content/uploads/2024/12/18-6.webp,2026-09-08T17:00:31+09:00
muuuuu-18496,https://yusannouekiya.com/,https://yusannouekiya.com/,,muuuuu,brand,life,brand,life,,,2026-09-08T17:00:31+09:00
muuuuu-18498,https://ayocin.com/,https://ayocin.com/,https://muuuuu.org/industry/interior/18498.html,muuuuu,"brand,ec","electrical,interior",ec,electrical,,,2026-09-08T17:00:31+09:00
muuuuu-18502,https://usecache.com/about-us,https://usecache.com/about-us,https://muuuuu.org/industry/finance/18502.html,muuuuu,brand,finance,brand,finance,,,2026-09-08T17:00:31+09:00
muuuuu-18505,https://elementis.co/,https://elementis.co/,https://muuuuu.org/industry/trip/18505.html,muuuuu,brand,"beauty,trip",brand,beauty,,,2026-09-08T17:00:31+09:00
muuuuu-18511,https://m3sol.co.jp/,https://m3sol.co.jp/,https://muuuuu.org/industry/technology/18511.html,muuuuu,brand,"education-service,hospital,technology",brand,education-service,,,2026-09-08T17:00:31+09:00
muuuuu-18513,石田屋ESHIKOTO店,https://eshikoto-store.shop-ishidaya.com/jp,https://muuuuu.org/industry/food/18513.html,muuuuu,brand,food,brand,food,,https://muuuuu.org/wp-content/uploads/2024/12/16-6.webp,2026-09-08T17:00:31+09:00
muuuuu-18523,https://eldersproject.incite.columbia.edu/,https://eldersproject.incite.columbia.edu/,,muuuuu,"webmagazine,brand",group,media,group,,,2026-09-08T17:00:31+09:00
muuuuu-18526,https://weekday.co.jp/,https://weekday.co.jp/,,muuuuu,"webmagazine,brand",,media,other,,,2026-09-08T17:00:31+09:00
muuuuu-18528,家をつくるしごと株式会社,https://ie-tsukuru.com/,https://muuuuu.org/industry/building/18528.html,muuuuu,brand,building,brand,building,,https://muuuuu.org/wp-content/uploads/2024/12/15.webp,2026-09-08T17:00:31+09:00
muuuuu-18531,RXプロ,https://rx-pro.co.jp/,https://muuuuu.org/industry/technology/18531.html,muuuuu,recruit,technology,recruit,technology,,https://muuuuu.org/wp-content/uploads/2024/12/14.webp,2026-09-08T17:00:31+09:00
muuuuu-18533,https://www.gucciosteria.com/en/florence,https://www.gucciosteria.com/en/florence,https://muuuuu.org/industry/restaurant/18533.html,muuuuu,brand,restaurant,brand,restaurant,,,2026-09-08T17:00:31+09:00
muuuuu-18536,エームサービス 調理師（専門職）新卒採用情報,https://www.aimservices.co.jp/recruit/chourishi/,https://muuuuu.org/industry/restaurant/18536.html,muuuuu,recruit,restaurant,recruit,restaurant,,https://muuuuu.org/wp-content/uploads/2024/12/13.webp,2026-09-08T17:00:31+09:00
muuuuu-18549,VARIED,https://jibie-varied.com/,https://muuuuu.org/industry/fashionall/18549.html,muuuuu,brand,fashionall,brand,fashionall,,https://muuuuu.org/wp-content/uploads/2024/12/9.webp,2026-09-08T17:00:31+09:00
muuuuu-18551,万平ホテル,https://www.mampei.co.jp/,https://muuuuu.org/industry/trip/18551.html,muuuuu,brand,trip,brand,trip,,https://muuuuu.org/wp-content/uploads/2024/12/8.webp,2026-09-08T17:00:31+09:00
muuuuu-18559,https://www.almond.studio/,https://www.almond.studio/,,muuuuu,brand,,brand,other,,,2026-09-08T17:00:31+09:00
muuuuu-18584,株式会社GA technologies 新卒採用 特設サイト,https://newgrads-recruit.ga-tech.co.jp/,https://muuuuu.org/industry/technology/18584.html,muuuuu,recruit,"building,technology",recruit,building,,https://muuuuu.org/wp-content/uploads/2024/12/4.webp,2026-09-08T17:00:31+09:00
muuuuu-18588,常陸国ロングトレイル,https://hlt.pref.ibaraki.jp/,https://muuuuu.org/industry/area/18588.html,muuuuu,"owned-media,brand",area,media,area,,https://muuuuu.org/wp-content/uploads/2024/12/2.webp,2026-09-08T17:00:31+09:00
muuuuu-18590,https://www.maxandtiber.com/ch_fr/,https://www.maxandtiber.com/ch_fr/,https://muuuuu.org/industry/fashionall/18590.html,muuuuu,brand,fashionall,brand,fashionall,,,2026-09-08T17:00:31+09:00
muuuuu-18592,https://kloar.jp/,https://kloar.jp/,https://muuuuu.org/industry/beauty/18592.html,muuuuu,brand,"beauty,fashion",brand,beauty,,,2026-09-08T17:00:31+09:00
muuuuu-18595,株式会社リガーマリンエンジニアリング,https://recruit.regar.co.jp/,https://muuuuu.org/industry/company/18595.html,muuuuu,recruit,company,recruit,company,,https://muuuuu.org/wp-content/uploads/2025/01/12.webp,2026-09-08T17:00:31+09:00
muuuuu-18607,https://brew.place/,https://brew.place/,https://muuuuu.org/industry/food/18607.html,muuuuu,"webmagazine,brand",food,media,food,,,2026-09-08T17:00:31+09:00
muuuuu-18609,https://casavicens.org/,https://casavicens.org/,https://muuuuu.org/industry/art/18609.html,muuuuu,brand,art,brand,art,,,2026-09-08T17:00:31+09:00
muuuuu-18618,https://senbei.tokyo/,https://senbei.tokyo/,https://muuuuu.org/industry/food/18618.html,muuuuu,brand,food,brand,food,,,2026-09-08T17:00:31+09:00
muuuuu-18620,丸美産業株式会社,https://shizai.marumi.com/,https://muuuuu.org/industry/building/18620.html,muuuuu,brand,"building,life",brand,building,,https://muuuuu.org/wp-content/uploads/2025/01/6.webp,2026-09-08T17:00:31+09:00
muuuuu-18624,https://corp.drenty.jp/,https://corp.drenty.jp/,https://muuuuu.org/industry/food/18624.html,muuuuu,brand,food,brand,food,,,2026-09-08T17:00:31+09:00
muuuuu-18626,株式会社池田模範堂 採用サイト,https://www.ikedamohando.co.jp/recruit/,https://muuuuu.org/industry/hospital/18626.html,muuuuu,recruit,"beauty,hospital,welfare-care",recruit,beauty,,https://muuuuu.org/wp-content/uploads/2025/01/4.webp,2026-09-08T17:00:31+09:00
muuuuu-18628,https://www.amu.co.jp/,https://www.amu.co.jp/,https://muuuuu.org/industry/eco/18628.html,muuuuu,brand,"eco,eco,eco,eco,eco",brand,eco,,,2026-09-08T17:00:31+09:00
muuuuu-18634,https://www.akatsuki-gakuen.com/,https://www.akatsuki-gakuen.com/,https://muuuuu.org/industry/kids/18634.html,muuuuu,brand,"education-service,kids,kids,kids,kids,kids,school",brand,education-service,,,2026-09-08T17:00:31+09:00
muuuuu-18645,https://flourishplant.com/,https://flourishplant.com/,,muuuuu,"brand,ec",life,ec,life,,,2026-09-08T17:00:31+09:00
muuuuu-18660,https://www.ikea.com/jp/ja/,https://www.ikea.com/jp/ja/,https://muuuuu.org/industry/interior/18660.html,muuuuu,"brand,ec","interior,life",ec,interior,,,2026-09-08T17:00:31+09:00
muuuuu-18678,丸紅デジタルイノベーション,https://www.marubeni.com/jp/digital-innovation/,https://muuuuu.org/industry/technology/18678.html,muuuuu,owned-media,technology,media,technology,,https://muuuuu.org/wp-content/uploads/2025/02/13.webp,2026-09-08T17:00:31+09:00
muuuuu-18680,https://www.moooor.com/,https://www.moooor.com/,https://muuuuu.org/industry/beauty/18680.html,muuuuu,"brand,ec",beauty,ec,beauty,,,2026-09-08T17:00:31+09:00
muuuuu-18688,https://www.noovolife.com/,https://www.noovolife.com/,https://muuuuu.org/industry/car/18688.html,muuuuu,brand,car,brand,car,,,2026-09-08T17:00:31+09:00
muuuuu-18693,e-tec 西日本電気テック株式会社,https://www.wj-etec.co.jp/recruitment/,https://muuuuu.org/industry/company/18693.html,muuuuu,recruit,company,recruit,company,,https://muuuuu.org/wp-content/uploads/2025/02/12.webp,2026-09-08T17:00:31+09:00
muuuuu-18704,https://nissinyork.com/recruit/,https://nissinyork.com/recruit/,https://muuuuu.org/industry/food/18704.html,muuuuu,recruit,food,recruit,food,,,2026-09-08T17:00:31+09:00
muuuuu-18706,https://recruit.jreast.co.jp/,https://recruit.jreast.co.jp/,https://muuuuu.org/industry/company/18706.html,muuuuu,recruit,company,recruit,company,,,2026-09-08T17:00:31+09:00
muuuuu-18708,https://evolvebeauty.jp/,https://evolvebeauty.jp/,https://muuuuu.org/industry/beauty/18708.html,muuuuu,"brand,ec","beauty,welfare-care",ec,beauty,,,2026-09-08T17:00:31+09:00
muuuuu-18727,https://saiyo.sme.co.jp/graduate/26/,https://saiyo.sme.co.jp/graduate/26/,https://muuuuu.org/industry/music/18727.html,muuuuu,recruit,music,recruit,music,,,2026-09-08T17:00:31+09:00
muuuuu-18737,https://rewear-official.jp/,https://rewear-official.jp/,https://muuuuu.org/industry/fashionall/18737.html,muuuuu,brand,"fashionall,life",brand,fashionall,,,2026-09-08T17:00:31+09:00
muuuuu-18748,https://www.osmo.supply/,https://www.osmo.supply/,https://muuuuu.org/industry/technology/18748.html,muuuuu,brand,"art,technology",brand,art,,,2026-09-08T17:00:31+09:00
muuuuu-18771,https://www.kaeru-camp.com/,https://www.kaeru-camp.com/,https://muuuuu.org/industry/sports/18771.html,muuuuu,brand,"life,sports,trip",brand,life,,,2026-09-08T17:00:31+09:00
muuuuu-18778,https://madewithgsap.com/,https://madewithgsap.com/,https://muuuuu.org/industry/technology/18778.html,muuuuu,brand,"art,technology",brand,art,,,2026-09-08T17:00:31+09:00
muuuuu-18782,みんなの暮らし方不動産,https://min-kura.com/,,muuuuu,"owned-media,webmagazine",life,media,life,,https://muuuuu.org/wp-content/uploads/2025/02/2.webp,2026-09-08T17:00:31+09:00
muuuuu-18784,LIFE DRAFT,https://life.job-draft.jp/,https://muuuuu.org/industry/technology/18784.html,muuuuu,webmagazine,"life,technology",media,life,,https://muuuuu.org/wp-content/uploads/2025/02/1.webp,2026-09-08T17:00:31+09:00
muuuuu-18786,https://www.chargetrip.com/,https://www.chargetrip.com/,https://muuuuu.org/industry/technology/18786.html,muuuuu,brand,"car,technology",brand,car,,,2026-09-08T17:00:31+09:00
muuuuu-18801,https://tsuruha-recruit.jp/,https://tsuruha-recruit.jp/,https://muuuuu.org/industry/hospital/18801.html,muuuuu,recruit,hospital,recruit,hospital,,,2026-09-08T17:00:31+09:00
muuuuu-18805,三菱地所レジデンス株式会社,https://www.mec-r.com/recruting_board/,https://muuuuu.org/industry/building/18805.html,muuuuu,recruit,building,recruit,building,,https://muuuuu.org/wp-content/uploads/2025/03/13.webp,2026-09-08T17:00:31+09:00
muuuuu-18807,三井不動産株式会社,https://www.dx-recruit.mitsuifudosan.co.jp/,https://muuuuu.org/industry/building/18807.html,muuuuu,recruit,building,recruit,building,,https://muuuuu.org/wp-content/uploads/2025/03/12.webp,2026-09-08T17:00:31+09:00
muuuuu-18811,https://dentsu-recruit-branding-expert.com/,https://dentsu-recruit-branding-expert.com/,,muuuuu,recruit,ad,recruit,ad,,,2026-09-08T17:00:31+09:00
muuuuu-18813,do-ya?（ドーヤ？）,https://media.osakastationcity.com/,https://muuuuu.org/industry/area/18813.html,muuuuu,"owned-media,webmagazine",area,media,area,,https://muuuuu.org/wp-content/uploads/2025/03/37-6.webp,2026-09-08T17:00:31+09:00
muuuuu-18815,https://store.unibio.jp/,https://store.unibio.jp/,https://muuuuu.org/industry/food/18815.html,muuuuu,ec,food,ec,food,,,2026-09-08T17:00:31+09:00
muuuuu-18841,https://www2.mejiro.ac.jp/univ/mejinavi2025/,https://www2.mejiro.ac.jp/univ/mejinavi2025/,https://muuuuu.org/industry/school/18841.html,muuuuu,webmagazine,school,media,school,,,2026-09-08T17:00:31+09:00
muuuuu-18849,https://career.datumstudio.jp/,https://career.datumstudio.jp/,https://muuuuu.org/industry/technology/18849.html,muuuuu,recruit,technology,recruit,technology,,,2026-09-08T17:00:31+09:00
muuuuu-18860,LDH JAPAN 新卒採用サイト,https://ldhrecruit.com/,https://muuuuu.org/industry/entertainment/18860.html,muuuuu,recruit,entertainment,recruit,entertainment,,https://muuuuu.org/wp-content/uploads/2025/04/38-6.webp,2026-09-08T17:00:31+09:00
muuuuu-18862,株式会社オカモトオプティクス 採用サイト,https://www.recruit.okamoto-optics.co.jp/,https://muuuuu.org/industry/company/18862.html,muuuuu,recruit,company,recruit,company,,https://muuuuu.org/wp-content/uploads/2025/04/37-6.webp,2026-09-08T17:00:31+09:00
muuuuu-18864,JAPAN Design Resource Database,https://designdesigndesign.go.jp/,https://muuuuu.org/industry/art/18864.html,muuuuu,recruit,art,recruit,art,,https://muuuuu.org/wp-content/uploads/2025/04/36-6.webp,2026-09-08T17:00:31+09:00
muuuuu-18866,パイオニア | 新卒採用サイト,https://newgraduate.jpn.pioneer/ja/,https://muuuuu.org/industry/car/18866.html,muuuuu,recruit,car,recruit,car,,https://muuuuu.org/wp-content/uploads/2025/04/35-6.webp,2026-09-08T17:00:31+09:00
muuuuu-18871,ぶんこも | 京都大学 大学院文学研究科・文学部,https://buncomo.jp/,https://muuuuu.org/industry/school/18871.html,muuuuu,portal,"education-service,school",public,education-service,,https://muuuuu.org/wp-content/uploads/2025/04/33-6.webp,2026-09-08T17:00:31+09:00
muuuuu-18877,DATUM STUDIO株式会社｜新卒採用サイト,https://recruit.datumstudio.jp/,https://muuuuu.org/industry/technology/18877.html,muuuuu,recruit,technology,recruit,technology,,https://muuuuu.org/wp-content/uploads/2025/04/31-6.webp,2026-09-08T17:00:31+09:00
muuuuu-18888,5歳児健診ポータル,https://gosaiji-kenshin.com/,https://muuuuu.org/industry/kids/18888.html,muuuuu,portal,"education-service,kids,kids,kids,kids,kids,welfare-care",public,education-service,,https://muuuuu.org/wp-content/uploads/2025/04/26-6.webp,2026-09-08T17:00:31+09:00
muuuuu-18894,アイグッズ株式会社 | 新卒採用サイト,https://recruit.i-goods.co.jp/,https://muuuuu.org/industry/interior/18894.html,muuuuu,recruit,"electrical,interior,technology",recruit,electrical,,https://muuuuu.org/wp-content/uploads/2025/04/23-6.webp,2026-09-08T17:00:31+09:00
muuuuu-18899,株式会社BBSアウトソーシング熊本,https://bok.co.jp/home.php,https://muuuuu.org/industry/technology/18899.html,muuuuu,recruit,technology,recruit,technology,,https://muuuuu.org/wp-content/uploads/2025/04/21-6.webp,2026-09-08T17:00:31+09:00
muuuuu-18903,https://ostermoor.com/,https://ostermoor.com/,https://muuuuu.org/industry/interior/18903.html,muuuuu,ec,interior,ec,interior,,,2026-09-08T17:00:31+09:00
muuuuu-18927,川崎汽船株式会社,https://www.kline-recruit.jp/,https://muuuuu.org/industry/company/18927.html,muuuuu,recruit,company,recruit,company,,https://muuuuu.org/wp-content/uploads/2025/04/13.webp,2026-09-08T17:00:31+09:00
muuuuu-18929,大同特殊鋼 採用ページ,https://www.daido.co.jp/recruit/,https://muuuuu.org/industry/company/18929.html,muuuuu,recruit,company,recruit,company,,https://muuuuu.org/wp-content/uploads/2025/04/12.webp,2026-09-08T17:00:31+09:00
muuuuu-18933,DUCHATEAU,https://www.duchateau.com/,https://muuuuu.org/industry/interior/18933.html,muuuuu,"brand,ec","building,interior",ec,building,,https://muuuuu.org/wp-content/uploads/2025/04/3.webp,2026-09-08T17:00:31+09:00
muuuuu-18939,https://www.hipp.health/,https://www.hipp.health/,https://muuuuu.org/industry/technology/18939.html,muuuuu,brand,technology,brand,technology,,,2026-09-08T17:00:31+09:00
muuuuu-18941,https://www.daybreak.studio/,https://www.daybreak.studio/,https://muuuuu.org/industry/technology/18941.html,muuuuu,brand,technology,brand,technology,,,2026-09-08T17:00:31+09:00
muuuuu-18947,TrueKind,https://truekindskincare.com/,https://muuuuu.org/industry/beauty/18947.html,muuuuu,"brand,ec","beauty,healthcare,healthcare,healthcare,healthcare,healthcare,welfare-care",ec,beauty,,https://muuuuu.org/wp-content/uploads/2025/05/1.webp,2026-09-08T17:00:31+09:00
muuuuu-18953,再生医療 みなとみらい麻の葉クリニック,https://asanoha-clinic.com/,https://muuuuu.org/industry/hospital/18953.html,muuuuu,portal,"beauty,healthcare,healthcare,healthcare,healthcare,healthcare,hospital",public,beauty,,https://muuuuu.org/wp-content/uploads/2025/05/2.webp,2026-09-08T17:00:31+09:00
muuuuu-18955,UM English Lab.,https://um-english-lab.com/,https://muuuuu.org/industry/music/18955.html,muuuuu,"webmagazine,portal","education-service,music",media,education-service,,https://muuuuu.org/wp-content/uploads/2025/05/3.webp,2026-09-08T17:00:31+09:00
muuuuu-18959,株式会社サイバーリンクス｜新卒・キャリア採用情報,https://www.cyber-l.co.jp/recruit/,https://muuuuu.org/industry/technology/18959.html,muuuuu,recruit,technology,recruit,technology,,https://muuuuu.org/wp-content/uploads/2025/05/5.webp,2026-09-08T17:00:31+09:00
muuuuu-18965,Made With Gsap,https://madewithgsap.com/,https://muuuuu.org/industry/technology/18965.html,muuuuu,ec,technology,ec,technology,,https://muuuuu.org/wp-content/uploads/2025/05/8.webp,2026-09-08T17:00:31+09:00
muuuuu-18967,宇都宮メディア・アーツ専門学校,https://media-arts.ac.jp/,https://muuuuu.org/industry/school/18967.html,muuuuu,portal,"education-service,school",public,education-service,,https://muuuuu.org/wp-content/uploads/2025/05/9.webp,2026-09-08T17:00:31+09:00
muuuuu-18974,NUSET｜皮膚科専門医開発のスキンケアブランド,https://nuset.jp/,https://muuuuu.org/industry/beauty/18974.html,muuuuu,ec,"beauty,healthcare,healthcare,healthcare,healthcare,healthcare",ec,beauty,,https://muuuuu.org/wp-content/uploads/2025/05/11.webp,2026-09-08T17:00:31+09:00
muuuuu-18980,西葛西マリーナ歯科,https://www.marina-dc.com/,https://muuuuu.org/industry/hospital/18980.html,muuuuu,portal,hospital,public,hospital,,https://muuuuu.org/wp-content/uploads/2025/05/14.webp,2026-09-08T17:00:31+09:00
muuuuu-18982,グリーンパーク山東,https://greenpark-santo.com/,https://muuuuu.org/industry/trip/18982.html,muuuuu,"owned-media,portal",trip,media,trip,,https://muuuuu.org/wp-content/uploads/2025/05/15.webp,2026-09-08T17:00:31+09:00
muuuuu-18984,しま歯科院,https://shimashikain.com/,https://muuuuu.org/industry/hospital/18984.html,muuuuu,portal,hospital,public,hospital,,https://muuuuu.org/wp-content/uploads/2025/05/16-6.webp,2026-09-08T17:00:31+09:00
muuuuu-18999,SPA NOIR,https://spanoirstudio.com/,https://muuuuu.org/industry/beauty/18999.html,muuuuu,portal,beauty,public,beauty,,https://muuuuu.org/wp-content/uploads/2025/05/22-6.webp,2026-09-08T17:00:31+09:00
muuuuu-19015,ベイクチーズタルト | BAKE CHEESE TART,https://cheesetart.com/,https://muuuuu.org/industry/food/19015.html,muuuuu,brand,food,brand,food,,https://muuuuu.org/wp-content/uploads/2025/05/27-6.webp,2026-09-08T17:00:31+09:00
muuuuu-19017,旅と仕事と｜日本の建築を巡る旅,https://www.itplus.co.jp/tabito-shigototo,https://muuuuu.org/industry/trip/19017.html,muuuuu,"owned-media,webmagazine",trip,media,trip,,https://muuuuu.org/wp-content/uploads/2025/05/28-6.webp,2026-09-08T17:00:31+09:00
muuuuu-19024,THE LAKOTA HOUSE ｜ ラコタハウス オフィシャルサイト,https://lakotahouse.com/,https://muuuuu.org/industry/fashionall/19024.html,muuuuu,ec,fashionall,ec,fashionall,,https://muuuuu.org/wp-content/uploads/2025/05/31-6.webp,2026-09-08T17:00:31+09:00
muuuuu-19029,武田病院グループ,https://www.takedahp.or.jp/,,muuuuu,portal,welfare-care,public,welfare-care,,https://muuuuu.org/wp-content/uploads/2025/05/32-6.webp,2026-09-08T17:00:31+09:00
muuuuu-19033,咲くらクリニック,https://www.sakura-clinic.jp/,https://muuuuu.org/industry/hospital/19033.html,muuuuu,portal,hospital,public,hospital,,https://muuuuu.org/wp-content/uploads/2025/05/34-6.webp,2026-09-08T17:00:31+09:00
muuuuu-19035,APARTMENT HOTEL MIMARU,https://mimaruhotels.com/ja/,https://muuuuu.org/industry/trip/19035.html,muuuuu,portal,trip,public,trip,,https://muuuuu.org/wp-content/uploads/2025/05/35-6.webp,2026-09-08T17:00:31+09:00
muuuuu-19037,ノバセル,https://novasell.com/,https://muuuuu.org/industry/technology/19037.html,muuuuu,portal,technology,public,technology,,https://muuuuu.org/wp-content/uploads/2025/05/36-6.webp,2026-09-08T17:00:31+09:00
muuuuu-19039,3D ANIMATION LAB. by FunTech,https://3d-lab.funtech.inc/,,muuuuu,"owned-media,portal",ad,media,ad,,https://muuuuu.org/wp-content/uploads/2025/05/37-6.webp,2026-09-08T17:00:31+09:00
muuuuu-19041,【公式】TOMOREブランドサイト,https://www.tomore.jp/#top,https://muuuuu.org/industry/building/19041.html,muuuuu,portal,building,public,building,,https://muuuuu.org/wp-content/uploads/2025/05/38-6.webp,2026-09-08T17:00:31+09:00
muuuuu-19048,SAKURA DEEPTECH SHIBUYA,https://www.sakuradeeptechshibuya.com/,https://muuuuu.org/industry/kids/19048.html,muuuuu,"service,owned-media,portal","food,hospital,kids,kids,kids,kids,kids,technology",media,food,,https://muuuuu.org/wp-content/uploads/2025/06/40-6.webp,2026-09-08T17:00:31+09:00
muuuuu-19055,JY-CONTENTS,https://jy-contents.com/,,muuuuu,"owned-media,webmagazine",ad,media,ad,,https://muuuuu.org/wp-content/uploads/2025/06/39-6.webp,2026-09-08T17:00:31+09:00
muuuuu-19057,SEE/SAW,https://www.seesaw-hair.com/,https://muuuuu.org/industry/beauty/19057.html,muuuuu,brand,"beauty,welfare-care",brand,beauty,,https://muuuuu.org/wp-content/uploads/2025/06/38-6.webp,2026-09-08T17:00:31+09:00
muuuuu-19063,株式会社TWOSTONE &#038; Sons 新卒採用サイト,https://twostone-s.com/recruit/graduates/,https://muuuuu.org/industry/technology/19063.html,muuuuu,recruit,technology,recruit,technology,,https://muuuuu.org/wp-content/uploads/2025/06/36-6.webp,2026-09-08T17:00:31+09:00
muuuuu-19073,Kultiveret,https://www.kultiveret.com/,https://muuuuu.org/industry/trip/19073.html,muuuuu,"service,brand","building,trip",service,building,,https://muuuuu.org/wp-content/uploads/2025/06/31-6.webp,2026-09-08T17:00:31+09:00
muuuuu-19080,Kingshaus® | Build smarter.,https://www.kingshaus.co/,https://muuuuu.org/industry/building/19080.html,muuuuu,brand,building,brand,building,,https://muuuuu.org/wp-content/uploads/2025/06/29-6.webp,2026-09-08T17:00:31+09:00
muuuuu-19083,Digital Design Days Palermo,https://palermo.ddd.live/,https://muuuuu.org/industry/art/19083.html,muuuuu,portal,art,public,art,,https://muuuuu.org/wp-content/uploads/2025/06/28-6.webp,2026-09-08T17:00:31+09:00
muuuuu-19093,Reform Collective | Digital Design Agency,https://www.reformcollective.com/,,muuuuu,service,ad,service,ad,,https://muuuuu.org/wp-content/uploads/2025/06/24-6.webp,2026-09-08T17:00:31+09:00
muuuuu-19106,Optikka,https://optikka.com/,https://muuuuu.org/industry/technology/19106.html,muuuuu,brand,technology,brand,technology,,https://muuuuu.org/wp-content/uploads/2025/06/19-6.webp,2026-09-08T17:00:31+09:00
muuuuu-19110,WORK with ART,https://work-with-art.museumtower-kyobashi.com/,https://muuuuu.org/industry/art/19110.html,muuuuu,brand,art,brand,art,,https://muuuuu.org/wp-content/uploads/2025/06/18-6.webp,2026-09-08T17:00:31+09:00
muuuuu-19117,トヨタバッテリー株式会社 採用総合サイト,https://www.toyota-battery.com/saiyo/,https://muuuuu.org/industry/car/19117.html,muuuuu,recruit,car,recruit,car,,https://muuuuu.org/wp-content/uploads/2025/06/16-6.webp,2026-09-08T17:00:31+09:00
muuuuu-19123,京都産業大学60周年記念サイト,https://60th-kyoto-su.com/,https://muuuuu.org/industry/school/19123.html,muuuuu,brand,"education-service,school",brand,education-service,,https://muuuuu.org/wp-content/uploads/2025/06/13.webp,2026-09-08T17:00:31+09:00
muuuuu-19129,The Modest Department,https://themodestdepartment.com/,https://muuuuu.org/industry/fashion/19129.html,muuuuu,ec,fashion,ec,fashion,,https://muuuuu.org/wp-content/uploads/2025/06/11.webp,2026-09-08T17:00:31+09:00
muuuuu-19145,瑞巌山 圓光寺｜Zuiganzan Enkouji Temple,https://www.enkouji.jp/,,muuuuu,"owned-media,brand",group,media,group,,https://muuuuu.org/wp-content/uploads/2025/06/4.webp,2026-09-08T17:00:31+09:00
muuuuu-19176,Phive,https://phive.pt/en,https://muuuuu.org/industry/sports/19176.html,muuuuu,brand,sports,brand,sports,,https://muuuuu.org/wp-content/uploads/2025/07/32.webp,2026-09-08T17:00:31+09:00
muuuuu-19186,山人‑oga‑｜秋田県・男鹿半島のリゾートホテル,https://oga.yamado.co.jp/,https://muuuuu.org/industry/trip/19186.html,muuuuu,brand,trip,brand,trip,,https://muuuuu.org/wp-content/uploads/2025/07/28.webp,2026-09-08T17:00:31+09:00
muuuuu-19189,SmartHR 10th Anniversary,https://smarthr.jp/smarthr-10th-anniversary/,https://muuuuu.org/industry/technology/19189.html,muuuuu,brand,technology,brand,technology,,https://muuuuu.org/wp-content/uploads/2025/07/27.webp,2026-09-08T17:00:31+09:00
muuuuu-19191,HHHusher,https://www.hhhusher.com/,https://muuuuu.org/industry/music/19191.html,muuuuu,"service,ec",music,service,music,,https://muuuuu.org/wp-content/uploads/2025/07/26.webp,2026-09-08T17:00:31+09:00
muuuuu-19199,Goldwin Online Store &#8211; ゴールドウインオンラインストア,https://www.goldwin.co.jp/store/,https://muuuuu.org/industry/sports/19199.html,muuuuu,ec,sports,ec,sports,,https://muuuuu.org/wp-content/uploads/2025/07/22.png,2026-09-08T17:00:31+09:00
muuuuu-19203,田中理恵公式サイト,https://rie-tanaka.com/,https://muuuuu.org/industry/entertainment/19203.html,muuuuu,brand,"entertainment,sports",brand,entertainment,,https://muuuuu.org/wp-content/uploads/2025/07/20.png,2026-09-08T17:00:31+09:00
muuuuu-19205,Rinnai Aoyama｜リンナイ株式会社,https://aoyama.rinnai.jp/,https://muuuuu.org/industry/electrical/19205.html,muuuuu,brand,electrical,brand,electrical,,https://muuuuu.org/wp-content/uploads/2025/07/19.png,2026-09-08T17:00:31+09:00
muuuuu-19211,【公式】広島の観光・旅行情報サイト Dive! Hiroshima,https://dive-hiroshima.com/,https://muuuuu.org/industry/area/19211.html,muuuuu,"service,webmagazine,portal",area,media,area,,https://muuuuu.org/wp-content/uploads/2025/07/17.png,2026-09-08T17:00:31+09:00
muuuuu-19215,藤原印刷｜つくるよろこびをつくる,https://www.fujiwara-i.com/,https://muuuuu.org/industry/publication/19215.html,muuuuu,service,publication,service,publication,,https://muuuuu.org/wp-content/uploads/2025/07/15.png,2026-09-08T17:00:31+09:00
muuuuu-19238,新卒採用情報｜松竹株式会社,https://www.shochiku.co.jp/company/recruit/newgrad/,https://muuuuu.org/industry/entertainment/19238.html,muuuuu,recruit,entertainment,recruit,entertainment,,https://muuuuu.org/wp-content/uploads/2025/08/6.webp,2026-09-08T17:00:31+09:00
muuuuu-19240,NELU（ネル）高麗橋,https://restaurant.nelu.osaka/,https://muuuuu.org/industry/restaurant/19240.html,muuuuu,brand,restaurant,brand,restaurant,,https://muuuuu.org/wp-content/uploads/2025/08/7.webp,2026-09-08T17:00:31+09:00
muuuuu-19242,AIM— AI Modernism Of Kharkiv,https://aim.obys.agency/,https://muuuuu.org/industry/art/19242.html,muuuuu,brand,art,brand,art,,https://muuuuu.org/wp-content/uploads/2025/08/8.webp,2026-09-08T17:00:31+09:00
muuuuu-19244,洋菓子・和菓子の白十字公式サイト | HAKUJUJI,https://www.hakujuji-g.co.jp/,https://muuuuu.org/industry/food/19244.html,muuuuu,ec,food,ec,food,,https://muuuuu.org/wp-content/uploads/2025/08/9.webp,2026-09-08T17:00:31+09:00
muuuuu-19246,JUNOPARK（ジュノパーク）,https://www.sekisuihouse.co.jp/junopark/index.html,https://muuuuu.org/industry/kids/19246.html,muuuuu,portal,"education-service,kids,kids,kids,kids,kids",public,education-service,,https://muuuuu.org/wp-content/uploads/2025/08/10.webp,2026-09-08T17:00:31+09:00
muuuuu-19248,Avax.network,https://www.avax.network/,https://muuuuu.org/industry/technology/19248.html,muuuuu,brand,technology,brand,technology,,https://muuuuu.org/wp-content/uploads/2025/08/11.webp,2026-09-08T17:00:31+09:00
muuuuu-19255,お酒買取専門キングラムリカー,https://kingram-liquor.jp/,https://muuuuu.org/industry/shopping/19255.html,muuuuu,"service,portal",shopping,service,shopping,,https://muuuuu.org/wp-content/uploads/2025/08/14.webp,2026-09-08T17:00:31+09:00
muuuuu-19258,ワーナーブラザース・ディスカバリー・ジャパン,https://www.discoveryjapan.jp/,https://muuuuu.org/industry/entertainment/19258.html,muuuuu,"service,portal",entertainment,service,entertainment,,https://muuuuu.org/wp-content/uploads/2025/08/15.webp,2026-09-08T17:00:31+09:00
muuuuu-19262,【公式】SATOYAMA TERRACE (サトヤマテラス),https://satoyama-terrace.com/,https://muuuuu.org/industry/trip/19262.html,muuuuu,brand,trip,brand,trip,,https://muuuuu.org/wp-content/uploads/2025/08/16.webp,2026-09-08T17:00:31+09:00
muuuuu-19266,【公式】シーサイドイタリアン カンティーナ,https://www.cantina-zushi.com/,https://muuuuu.org/industry/restaurant/19266.html,muuuuu,"service,brand",restaurant,service,restaurant,,https://muuuuu.org/wp-content/uploads/2025/08/18.webp,2026-09-08T17:00:31+09:00
muuuuu-19272,NEURON[ニューロン],https://www.neuron-tokyo.jp/,https://muuuuu.org/industry/art/19272.html,muuuuu,portal,art,public,art,,https://muuuuu.org/wp-content/uploads/2025/08/20.webp,2026-09-08T17:00:31+09:00
muuuuu-19276,Kontext,https://kontext.jp/,https://muuuuu.org/industry/area/19276.html,muuuuu,"owned-media,webmagazine",area,media,area,,https://muuuuu.org/wp-content/uploads/2025/08/22.webp,2026-09-08T17:00:31+09:00
muuuuu-19280,MI-6株式会社 採用サイト,https://recruit.mi-6.co.jp/,https://muuuuu.org/industry/technology/19280.html,muuuuu,recruit,technology,recruit,technology,,https://muuuuu.org/wp-content/uploads/2025/08/23.webp,2026-09-08T17:00:31+09:00
muuuuu-19282,心拍 (Shinpaku),https://shinpaku.co/,,muuuuu,brand,life,brand,life,,https://muuuuu.org/wp-content/uploads/2025/08/24.webp,2026-09-08T17:00:31+09:00
muuuuu-19286,竹中大工道具館,https://plantsandcrafts.dougukan.jp/,,muuuuu,portal,group,public,group,,https://muuuuu.org/wp-content/uploads/2025/08/26.webp,2026-09-08T17:00:31+09:00
muuuuu-19291,宿-SHUKU- | 犬山城下町の古民家宿,https://shuku-kokon.com/,https://muuuuu.org/industry/trip/19291.html,muuuuu,brand,trip,brand,trip,,https://muuuuu.org/wp-content/uploads/2025/08/28.webp,2026-09-08T17:00:31+09:00
muuuuu-19303,Luminaire Authentik,https://www.luminaireauthentik.com/,https://muuuuu.org/industry/interior/19303.html,muuuuu,ec,"interior,technology",ec,interior,,https://muuuuu.org/wp-content/uploads/2025/08/32.webp,2026-09-08T17:00:31+09:00
muuuuu-19321,【公式/ベストレート】仙台・作並温泉　ゆづくしSalon一の坊,https://ichinobo.com/sakunami/,https://muuuuu.org/industry/trip/19321.html,muuuuu,brand,trip,brand,trip,,https://muuuuu.org/wp-content/uploads/2025/08/39.webp,2026-09-08T17:00:31+09:00
muuuuu-19323,大野記念病院｜採用サイト,https://recruit.ohno.or.jp/,https://muuuuu.org/industry/hospital/19323.html,muuuuu,recruit,hospital,recruit,hospital,,https://muuuuu.org/wp-content/uploads/2025/08/40.webp,2026-09-08T17:00:31+09:00
muuuuu-19332,Krämer Academy,https://kraemeracademy.com/en/,https://muuuuu.org/industry/school/19332.html,muuuuu,ec,school,ec,school,,https://muuuuu.org/wp-content/uploads/2025/08/44.webp,2026-09-08T17:00:31+09:00
muuuuu-19349,ライブ・コンサートチケット先行　DISK GARAGE,https://diskgarage.com/,https://muuuuu.org/industry/entertainment/19349.html,muuuuu,"owned-media,portal",entertainment,media,entertainment,,https://muuuuu.org/wp-content/uploads/2025/09/1.webp,2026-09-08T17:00:31+09:00
muuuuu-19355,monomode10th,https://monomode.co.jp/10th/,,muuuuu,brand,ad,brand,ad,,https://muuuuu.org/wp-content/uploads/2025/09/4.webp,2026-09-08T17:00:31+09:00
muuuuu-19364,株式会社ビズリーチキャリア採用サイト,https://careers.bizreach.co.jp/,https://muuuuu.org/industry/technology/19364.html,muuuuu,recruit,"human-resources,human-resources,human-resources,human-resources,human-resources,technology",recruit,human-resources,,https://muuuuu.org/wp-content/uploads/2025/09/8.webp,2026-09-08T17:00:31+09:00
muuuuu-19366,Framer Japan Community,https://fjpcomm.framer.website/,https://muuuuu.org/industry/art/19366.html,muuuuu,"service,owned-media,portal",art,media,art,,https://muuuuu.org/wp-content/uploads/2025/09/9.webp,2026-09-08T17:00:31+09:00
muuuuu-19374,Dify: 最先端のAgentic AI開発プラットフォーム,https://dify.ai/jp,https://muuuuu.org/industry/technology/19374.html,muuuuu,"service,portal",technology,service,technology,,https://muuuuu.org/wp-content/uploads/2025/09/10.webp,2026-09-08T17:00:31+09:00
muuuuu-19379,すずきレディースクリニック,https://suzuki-ladies-clinic.jp/,https://muuuuu.org/industry/hospital/19379.html,muuuuu,service,hospital,service,hospital,,https://muuuuu.org/wp-content/uploads/2025/09/11.webp,2026-09-08T17:00:31+09:00
muuuuu-19383,HITOBA DESIGN,https://hitoba-office.com/,https://muuuuu.org/industry/art/19383.html,muuuuu,service,art,service,art,,https://muuuuu.org/wp-content/uploads/2025/09/13.webp,2026-09-08T17:00:31+09:00
muuuuu-19385,治一郎 公式オンラインショップ,https://www.jiichiro-shop.com/,https://muuuuu.org/industry/food/19385.html,muuuuu,"service,ec",food,service,food,,https://muuuuu.org/wp-content/uploads/2025/09/14.webp,2026-09-08T17:00:31+09:00
muuuuu-19388,オンタイム・ムーヴ 公式オンラインストア,https://store.ontime-move.watch/,https://muuuuu.org/industry/watch/19388.html,muuuuu,"service,ec","watch,watch,watch,watch,watch",service,watch,,https://muuuuu.org/wp-content/uploads/2025/09/15.webp,2026-09-08T17:00:31+09:00
muuuuu-19390,NOSIGNER｜進化を導くデザイン,https://nosigner.com/,https://muuuuu.org/industry/art/19390.html,muuuuu,service,art,service,art,,https://muuuuu.org/wp-content/uploads/2025/09/16.webp,2026-09-08T17:00:31+09:00
muuuuu-19397,北海道イエロースターズ,https://hy-stars.jp/,https://muuuuu.org/industry/sports/19397.html,muuuuu,"service,brand",sports,service,sports,,https://muuuuu.org/wp-content/uploads/2025/09/19.webp,2026-09-08T17:00:31+09:00
muuuuu-19406,グローバル・リンク・マネジメント,https://www.global-link-m.com/,https://muuuuu.org/industry/building/19406.html,muuuuu,service,building,service,building,,https://muuuuu.org/wp-content/uploads/2025/09/22.webp,2026-09-08T17:00:31+09:00
muuuuu-19412,Dashline,https://www.dashline.tech/#top,https://muuuuu.org/industry/technology/19412.html,muuuuu,service,technology,service,technology,,https://muuuuu.org/wp-content/uploads/2025/09/25.webp,2026-09-08T17:00:31+09:00
muuuuu-19421,株式会社GENDA,https://genda.jp/,https://muuuuu.org/industry/entertainment/19421.html,muuuuu,service,entertainment,service,entertainment,,https://muuuuu.org/wp-content/uploads/2025/09/27.webp,2026-09-08T17:00:31+09:00
muuuuu-19424,Conversation Design Institute,https://www.conversationdesigninstitute.com/,https://muuuuu.org/industry/school/19424.html,muuuuu,brand,school,brand,school,,https://muuuuu.org/wp-content/uploads/2025/09/28.webp,2026-09-08T17:00:31+09:00
muuuuu-19432,Habito Studio,https://www.habito.studio/,,muuuuu,service,ad,service,ad,,https://muuuuu.org/wp-content/uploads/2025/09/32.png,2026-09-08T17:00:31+09:00
muuuuu-19436,山本写真機店｜最高の写真をあなたへ。,https://yamamotocamera.jp/,https://muuuuu.org/industry/electrical/19436.html,muuuuu,service,electrical,service,electrical,,https://muuuuu.org/wp-content/uploads/2025/09/34.png,2026-09-08T17:00:31+09:00
muuuuu-19438,PEGASUS CLINIC(ペガサスクリニック),https://pegasus-clinic.com/,https://muuuuu.org/industry/hospital/19438.html,muuuuu,"service,brand","beauty,healthcare,healthcare,healthcare,healthcare,healthcare,hospital",service,beauty,,https://muuuuu.org/wp-content/uploads/2025/09/35.png,2026-09-08T17:00:31+09:00
muuuuu-19441,日本自然保護協会オフィシャルサイト,https://www.nacsj.or.jp/,,muuuuu,service,group,service,group,,https://muuuuu.org/wp-content/uploads/2025/09/36.webp,2026-09-08T17:00:31+09:00
muuuuu-19443,Heimdall Power | The Power of Knowing,https://www.heimdallpower.com/,https://muuuuu.org/industry/technology/19443.html,muuuuu,service,technology,service,technology,,https://muuuuu.org/wp-content/uploads/2025/10/22.webp,2026-09-08T17:00:31+09:00
muuuuu-19445,株式会社Canvas,https://www.canvas-inc.co/,,muuuuu,service,ad,service,ad,,https://muuuuu.org/wp-content/uploads/2025/10/23.webp,2026-09-08T17:00:31+09:00
muuuuu-19449,シュークリーム専門店 ビアードパパ,https://www.beardpapa.jp/,https://muuuuu.org/industry/food/19449.html,muuuuu,"service,brand",food,service,food,,https://muuuuu.org/wp-content/uploads/2025/10/24.webp,2026-09-08T17:00:31+09:00
muuuuu-19451,Brave People®,https://www.bravepeople.co/,,muuuuu,service,ad,service,ad,,https://muuuuu.org/wp-content/uploads/2025/10/25.webp,2026-09-08T17:00:31+09:00
muuuuu-19453,Untold | We tell untold stories,https://untold.site/en,,muuuuu,"co,service",ad,service,ad,,https://muuuuu.org/wp-content/uploads/2025/10/26.webp,2026-09-08T17:00:31+09:00
muuuuu-19455,Matilda Design,https://mt-webdesign.ru/en,,muuuuu,"co,service",ad,service,ad,,https://muuuuu.org/wp-content/uploads/2025/10/27.webp,2026-09-08T17:00:31+09:00
muuuuu-19457,SOIL,https://soil-net.jp/,,muuuuu,"service,brand",group,service,group,,https://muuuuu.org/wp-content/uploads/2025/10/29.webp,2026-09-08T17:00:31+09:00
muuuuu-19485,清水建設株式会社｜新卒・キャリア採用情報サイト,https://www.shimz.co.jp/saiyou/recruitment/,https://muuuuu.org/industry/building/19485.html,muuuuu,recruit,building,recruit,building,,https://muuuuu.org/wp-content/uploads/2025/10/30.webp,2026-09-08T17:00:31+09:00
muuuuu-19487,土とデジタル | Biophilic Studio &#8211; Bit &amp; Bio,https://bitnb.io/,https://muuuuu.org/industry/art/19487.html,muuuuu,co,"ad,art",corporate,ad,,https://muuuuu.org/wp-content/uploads/2025/10/05.png,2026-09-08T17:00:31+09:00
muuuuu-19639,岡山芸術交流 2025 OKAYAMA ART SUMMIT,https://www.okayamaartsummit.jp/2025/,https://muuuuu.org/industry/art/19639.html,muuuuu,service,art,service,art,,https://muuuuu.org/wp-content/uploads/2025/10/17-1.png,2026-09-08T17:00:31+09:00
muuuuu-19647,SAAB｜日本製国産ジーンズ デニム 縫製 加工工場,https://saab-group.jp/,https://muuuuu.org/industry/company/19647.html,muuuuu,co,"company,fashionall",corporate,company,,https://muuuuu.org/wp-content/uploads/2025/10/11-4.png,2026-09-08T17:00:31+09:00
muuuuu-19657,2025-26 Collection | arflex,https://www.arflex.co.jp/2025-26collection/,https://muuuuu.org/industry/interior/19657.html,muuuuu,"service,brand","company,interior",service,company,,https://muuuuu.org/wp-content/uploads/2025/10/21.png,2026-09-08T17:00:31+09:00
muuuuu-19670,"Spiral Capital, Inc. | スパイラルキャピタル",https://spiral-cap.com/,https://muuuuu.org/industry/finance/19670.html,muuuuu,co,finance,corporate,finance,,https://muuuuu.org/wp-content/uploads/2025/10/20.png,2026-09-08T17:00:31+09:00
muuuuu-19676,株式会社丹青社｜採用サイト,https://www.tanseisha.co.jp/recruit/potential/,https://muuuuu.org/industry/building/19676.html,muuuuu,recruit,"art,building",recruit,art,,https://muuuuu.org/wp-content/uploads/2025/10/12-1.jpg,2026-09-08T17:00:31+09:00
muuuuu-19686,日本ハムシステムソリューションズ株式会社,https://www.nh-ss.co.jp/,https://muuuuu.org/industry/technology/19686.html,muuuuu,"co,recruit",technology,recruit,technology,,https://muuuuu.org/wp-content/uploads/2025/10/13.png,2026-09-08T17:00:31+09:00
muuuuu-19689,LIXIL Advanced Showroom 採用サイト,https://www.las-recruit.jp/,https://muuuuu.org/industry/interior/19689.html,muuuuu,recruit,"building,interior",recruit,building,,https://muuuuu.org/wp-content/uploads/2025/10/18-1.png,2026-09-08T17:00:31+09:00
muuuuu-19693,niwacan ― ソト遊びをもっと日常に,https://niwacan.jp/,https://muuuuu.org/industry/interior/19693.html,muuuuu,"owned-media,webmagazine,ec","interior,life",media,interior,,https://muuuuu.org/wp-content/uploads/2025/10/15.png,2026-09-08T17:00:31+09:00
muuuuu-19697,グローウィン・パートナーズ【採用サイト】,https://www.growin.jp/recruit/,,muuuuu,recruit,ad,recruit,ad,,https://muuuuu.org/wp-content/uploads/2025/10/16.png,2026-09-08T17:00:31+09:00
muuuuu-19703,LUXUNA(ラグナ)伊勢志摩,https://luxuna2021.com/　,https://muuuuu.org/industry/entertainment/19703.html,muuuuu,service,"entertainment,trip",service,entertainment,,https://muuuuu.org/wp-content/uploads/2025/10/17.png,2026-09-08T17:00:31+09:00
muuuuu-20081,AI-Native Operating System for the Global Supply Chain,https://www.getnauta.com/,https://muuuuu.org/industry/technology/20081.html,muuuuu,service,technology,service,technology,,https://muuuuu.org/wp-content/uploads/2025/10/33.webp,2026-09-08T17:00:31+09:00
muuuuu-20083,住吉大社吉祥殿 | ブランドサイト,https://sumiyoshitaisha.jp/,https://muuuuu.org/industry/wedding/20083.html,muuuuu,"service,brand","art,wedding,wedding,wedding,wedding,wedding",service,art,,https://muuuuu.org/wp-content/uploads/2025/10/23-2.webp,2026-09-08T17:00:31+09:00
muuuuu-20084,Glyphic Biotechnologies,https://www.glyphic.bio/,,muuuuu,co,"healthcare,healthcare,healthcare,healthcare,healthcare",corporate,healthcare,,https://muuuuu.org/wp-content/uploads/2025/10/31-2.png,2026-09-08T17:00:31+09:00
muuuuu-20086,Goodpatch Anywhere | 越境するデザイン組織,https://anywhere.goodpatch.com/,https://muuuuu.org/industry/art/20086.html,muuuuu,service,art,service,art,,https://muuuuu.org/wp-content/uploads/2025/10/22-1.webp,2026-09-08T17:00:31+09:00
muuuuu-20087,tetopaint,https://tetopaint.jp/,https://muuuuu.org/industry/company/20087.html,muuuuu,service,"art,building,company",service,art,,https://muuuuu.org/wp-content/uploads/2025/10/24-1.webp,2026-09-08T17:00:31+09:00
muuuuu-20088,"Amrit Palace &#8211; Indian Restaurant in Ocala, Florida",https://amritpalace.com/,https://muuuuu.org/industry/food/20088.html,muuuuu,brand,food,brand,food,,https://muuuuu.org/wp-content/uploads/2025/10/27-1.webp,2026-09-08T17:00:31+09:00
muuuuu-20090,The Family Consulting Group,https://www.thefamilycg.com/,,muuuuu,service,ad,service,ad,,https://muuuuu.org/wp-content/uploads/2025/10/26-1.webp,2026-09-08T17:00:31+09:00
muuuuu-20091,株式会社ライデン,https://www.ryden.co.jp/,https://muuuuu.org/industry/art/20091.html,muuuuu,co,"ad,art",corporate,ad,,https://muuuuu.org/wp-content/uploads/2025/10/21.webp,2026-09-08T17:00:31+09:00
muuuuu-20094,LimeIQ,https://www.limeiq.com/,https://muuuuu.org/industry/technology/20094.html,muuuuu,service,technology,service,technology,,https://muuuuu.org/wp-content/uploads/2025/10/32.webp,2026-09-08T17:00:31+09:00
muuuuu-20128,株式会社インフォバーン,https://www.infobahn.co.jp/,,muuuuu,co,ad,corporate,ad,,https://muuuuu.org/wp-content/uploads/2025/10/サムネ.webp,2026-09-08T17:00:31+09:00
muuuuu-20356,Manage Your Money with Cash App,https://cash.app/,https://muuuuu.org/industry/finance/20356.html,muuuuu,service,finance,service,finance,,https://muuuuu.org/wp-content/uploads/2025/11/34.png,2026-09-08T17:00:31+09:00
muuuuu-20359,Foundation | Real Estate Investment,https://www.thefoundation.house/,https://muuuuu.org/industry/building/20359.html,muuuuu,service,"building,finance",service,building,,https://muuuuu.org/wp-content/uploads/2025/11/35.png,2026-09-08T17:00:31+09:00
muuuuu-20367,YogaStudio アンジャリ六甲,https://anjalirokko.jp/,https://muuuuu.org/industry/sports/20367.html,muuuuu,service,"healthcare,healthcare,healthcare,healthcare,healthcare,sports",service,healthcare,,https://muuuuu.org/wp-content/uploads/2025/11/36.png,2026-09-08T17:00:31+09:00
muuuuu-20369,College 8 | 教育プロデュースカンパニー,https://college8.jp/,https://muuuuu.org/industry/school/20369.html,muuuuu,co,"ad,education-service,human-resources,human-resources,human-resources,human-resources,human-resources,school",corporate,ad,,https://muuuuu.org/wp-content/uploads/2025/11/37.png,2026-09-08T17:00:31+09:00
muuuuu-20372,エナジーライフ株式会社（ENERGY LIFE INC.）,https://www.energy-life.co.jp/,https://muuuuu.org/industry/company/20372.html,muuuuu,co,company,corporate,company,,https://muuuuu.org/wp-content/uploads/2025/11/38-1.png,2026-09-08T17:00:31+09:00
muuuuu-20374,ReBITA 20TH ANNIVERSARY &#8211; ReBITA｜株式会社リビタ,https://www.rebita.co.jp/20th/,https://muuuuu.org/industry/building/20374.html,muuuuu,brand,building,brand,building,,https://muuuuu.org/wp-content/uploads/2025/11/39.png,2026-09-08T17:00:31+09:00
muuuuu-20378,社会福祉法人 功有会,https://www.yamatoen.or.jp/,,muuuuu,co,welfare-care,corporate,welfare-care,,https://muuuuu.org/wp-content/uploads/2025/11/40-1.png,2026-09-08T17:00:31+09:00
muuuuu-20693,康生会 武田病院,https://www.takedahp.or.jp/koseikai/,https://muuuuu.org/industry/hospital/20693.html,muuuuu,co,hospital,corporate,hospital,,https://muuuuu.org/wp-content/uploads/2025/11/02.webp,2026-09-08T17:00:31+09:00
muuuuu-20695,人生に「キク」ラジオ &#8211; 日暮里ゼミナール,https://nippori.lamm.tokyo/,https://muuuuu.org/industry/school/20695.html,muuuuu,"service,owned-media","ad,school",media,ad,,https://muuuuu.org/wp-content/uploads/2025/11/03.webp,2026-09-08T17:00:31+09:00
muuuuu-20807,京都・滋賀・大阪のおしゃれ注文住宅ならグランレブリー,https://grandereverie.jp/,https://muuuuu.org/industry/building/20807.html,muuuuu,"co,service",building,service,building,,https://muuuuu.org/wp-content/uploads/2025/11/04.png,2026-09-08T17:00:31+09:00
muuuuu-20815,Momentia,https://momentia.jp/,https://muuuuu.org/industry/technology/20815.html,muuuuu,"service,owned-media,portal","food,healthcare,healthcare,healthcare,healthcare,healthcare,technology",media,food,,https://muuuuu.org/wp-content/uploads/2025/11/05.png,2026-09-08T17:00:31+09:00
muuuuu-20817,RightDesignInc.,https://rightdesigninc.com/,,muuuuu,co,ad,corporate,ad,,https://muuuuu.org/wp-content/uploads/2025/11/07.png,2026-09-08T17:00:31+09:00
muuuuu-20965,IMA株式会社,https://ima-inc.world/,,muuuuu,co,,corporate,other,,https://muuuuu.org/wp-content/uploads/2025/11/08.png,2026-09-08T17:00:31+09:00
muuuuu-20968,Coalition Group Recruit Site,https://recruit.coalition-group.jp/,,muuuuu,recruit,ad,recruit,ad,,https://muuuuu.org/wp-content/uploads/2025/11/06.png,2026-09-08T17:00:31+09:00
muuuuu-21047,読売新聞社 採用サイト,https://saiyou.yomiuri.co.jp/,https://muuuuu.org/industry/publication/21047.html,muuuuu,"service,recruit",publication,recruit,publication,,https://muuuuu.org/wp-content/uploads/2025/11/11.png,2026-09-08T17:00:31+09:00
muuuuu-21050,株式会社Knotus,https://knotus.jp/,,muuuuu,recruit,ad,recruit,ad,,https://muuuuu.org/wp-content/uploads/2025/11/09.png,2026-09-08T17:00:31+09:00
muuuuu-21124,株式会社進藤組｜兵庫県たつの市の総合建設会社,https://shindogumi.com/,https://muuuuu.org/industry/building/21124.html,muuuuu,co,building,corporate,building,,https://muuuuu.org/wp-content/uploads/2025/11/12-1.png,2026-09-08T17:00:31+09:00
muuuuu-21128,合同会社エムケアーズ,https://mcares.co.jp/,,muuuuu,co,welfare-care,corporate,welfare-care,,https://muuuuu.org/wp-content/uploads/2025/11/13-2.png,2026-09-08T17:00:31+09:00
muuuuu-21471,2025 McLaren Formula 1 Driver — Lando Norris,https://landonorris.com/,https://muuuuu.org/industry/sports/21471.html,muuuuu,brand,sports,brand,sports,,https://muuuuu.org/wp-content/uploads/2025/11/14.png,2026-09-08T17:00:31+09:00
muuuuu-21490,弥生株式会社 採用サイト,https://www.yayoi-kk.co.jp/company/recruiting/,https://muuuuu.org/industry/technology/21490.html,muuuuu,recruit,technology,recruit,technology,,https://muuuuu.org/wp-content/uploads/2025/11/15.png,2026-09-08T17:00:31+09:00
muuuuu-21492,株式会社BuySell Technologies 新卒採用サイト,https://recruit.buysell-technologies.com/,https://muuuuu.org/industry/technology/21492.html,muuuuu,recruit,"shopping,technology",recruit,shopping,,https://muuuuu.org/wp-content/uploads/2025/11/20.png,2026-09-08T17:00:31+09:00
muuuuu-21771,Estrela Studio,https://estrela.studio/,https://muuuuu.org/industry/art/21771.html,muuuuu,co,"ad,art",corporate,ad,,https://muuuuu.org/wp-content/uploads/2025/11/16.png,2026-09-08T17:00:31+09:00
muuuuu-21773,awahi magazine,https://awahi-magazine.jp/,https://muuuuu.org/industry/entertainment/21773.html,muuuuu,"owned-media,webmagazine",entertainment,media,entertainment,,https://muuuuu.org/wp-content/uploads/2025/11/17.png,2026-09-08T17:00:31+09:00
muuuuu-21775,株式会社 七福建設,https://e-729.com/,https://muuuuu.org/industry/building/21775.html,muuuuu,co,building,corporate,building,,https://muuuuu.org/wp-content/uploads/2025/11/18.png,2026-09-08T17:00:31+09:00
muuuuu-21777,双栄会・協力会募集サイト｜株式会社オクジュー,https://okuju-partners.com/,https://muuuuu.org/industry/company/21777.html,muuuuu,recruit,"building,company",recruit,building,,https://muuuuu.org/wp-content/uploads/2025/11/19.png,2026-09-08T17:00:31+09:00
muuuuu-21780,井上株式会社,https://www.inouekabu.com/,https://muuuuu.org/industry/technology/21780.html,muuuuu,co,"company,technology",corporate,company,,https://muuuuu.org/wp-content/uploads/2025/11/21.png,2026-09-08T17:00:31+09:00
muuuuu-21782,GOOD FOODS World | ニッスイ,https://www.nissui.co.jp/goodfoods_world/index.html,https://muuuuu.org/industry/food/21782.html,muuuuu,"owned-media,webmagazine,brand",food,media,food,,https://muuuuu.org/wp-content/uploads/2025/11/22.png,2026-09-08T17:00:31+09:00
muuuuu-21784,エネトピア採用サイト,https://www.enetopia.jp/recruit/,https://muuuuu.org/industry/company/21784.html,muuuuu,recruit,company,recruit,company,,https://muuuuu.org/wp-content/uploads/2025/11/23.png,2026-09-08T17:00:31+09:00
muuuuu-22199,サムコ株式会社,https://www.samco.co.jp/,https://muuuuu.org/industry/company/22199.html,muuuuu,co,company,corporate,company,,https://muuuuu.org/wp-content/uploads/2025/11/25-1.png,2026-09-08T17:00:31+09:00
muuuuu-22214,シャーメゾン｜積水ハウスの賃貸住宅,https://www.shamaison.com/,https://muuuuu.org/industry/building/22214.html,muuuuu,"owned-media,brand,portal",building,media,building,,https://muuuuu.org/wp-content/uploads/2025/11/26-1.png,2026-09-08T17:00:31+09:00
muuuuu-22216,東急株式会社 新卒採用サイト,https://www.tokyu-recruit.jp/,https://muuuuu.org/industry/company/22216.html,muuuuu,recruit,company,recruit,company,,https://muuuuu.org/wp-content/uploads/2025/11/27.png,2026-09-08T17:00:31+09:00
muuuuu-22218,AI model（AIモデル）,https://www.ai-model.jp/movie/,https://muuuuu.org/industry/technology/22218.html,muuuuu,service,technology,service,technology,,https://muuuuu.org/wp-content/uploads/2025/11/28.png,2026-09-08T17:00:31+09:00
muuuuu-22220,Real human insights | MindMarket,https://mindmarket.com/,,muuuuu,service,ad,service,ad,,https://muuuuu.org/wp-content/uploads/2025/11/29.png,2026-09-08T17:00:31+09:00
muuuuu-22222,Integrated Biosciences,https://integratedbiosciences.com/,https://muuuuu.org/industry/technology/22222.html,muuuuu,co,"healthcare,healthcare,healthcare,healthcare,healthcare,technology",corporate,healthcare,,https://muuuuu.org/wp-content/uploads/2025/11/30.png,2026-09-08T17:00:31+09:00
muuuuu-22224,sukima,https://sukima.tokyo.jp/,,muuuuu,co,ad,corporate,ad,,https://muuuuu.org/wp-content/uploads/2025/11/31.png,2026-09-08T17:00:31+09:00
muuuuu-22226,明星幼稚園,https://www.meisei.ac.jp/kg/,https://muuuuu.org/industry/school/22226.html,muuuuu,co,"education-service,school",corporate,education-service,,https://muuuuu.org/wp-content/uploads/2025/11/32.png,2026-09-08T17:00:31+09:00
muuuuu-22228,黒部エムテック株式会社 採用サイト,https://www.kurobe-emutech.com/,https://muuuuu.org/industry/company/22228.html,muuuuu,recruit,company,recruit,company,,https://muuuuu.org/wp-content/uploads/2025/11/33.png,2026-09-08T17:00:31+09:00
muuuuu-22230,株式会社SUBARU（スバル）,https://www.subaru.co.jp/,https://muuuuu.org/industry/car/22230.html,muuuuu,co,car,corporate,car,,https://muuuuu.org/wp-content/uploads/2025/11/35-1.png,2026-09-08T17:00:31+09:00
muuuuu-22232,焼津市の矯正専門歯科【やいづ原崎矯正歯科】,https://yaizu-ortho.com/,https://muuuuu.org/industry/hospital/22232.html,muuuuu,co,hospital,corporate,hospital,,https://muuuuu.org/wp-content/uploads/2025/11/34-1.png,2026-09-08T17:00:31+09:00
muuuuu-22255,新卒採用｜株式会社ポジティブドリームパーソンズ,https://recruit.positive.co.jp/graduates/,https://muuuuu.org/industry/wedding/22255.html,muuuuu,recruit,"shopping,trip,wedding,wedding,wedding,wedding,wedding",recruit,shopping,,https://muuuuu.org/wp-content/uploads/2025/12/36.png,2026-09-08T17:00:31+09:00
muuuuu-22358,TRAIL INC.（トレイル）,https://trail-inc.jp/,,muuuuu,"co,b2b-company",ad,corporate,ad,,https://muuuuu.org/wp-content/uploads/2025/12/01.webp,2026-09-08T17:00:31+09:00
muuuuu-22366,COUNTER株式会社,https://counter-digital.jp/,,muuuuu,"co,b2b-company",ad,corporate,ad,,https://muuuuu.org/wp-content/uploads/2025/12/02.webp,2026-09-08T17:00:31+09:00
muuuuu-22368,株式会社SalesDex,https://sales-dex.jp/,,muuuuu,co,"ad,human-resources,human-resources,human-resources,human-resources,human-resources",corporate,ad,,https://muuuuu.org/wp-content/uploads/2025/12/03.webp,2026-09-08T17:00:31+09:00
muuuuu-22369,株式会社セキュリティ,https://security-himeji.jp/,https://muuuuu.org/industry/company/22369.html,muuuuu,co,company,corporate,company,,https://muuuuu.org/wp-content/uploads/2025/12/04.webp,2026-09-08T17:00:31+09:00
muuuuu-22382,不動産投資のプロパティエージェント,https://www.propertyagent.co.jp/,https://muuuuu.org/industry/building/22382.html,muuuuu,co,building,corporate,building,,https://muuuuu.org/wp-content/uploads/2025/12/05.webp,2026-09-08T17:00:31+09:00
muuuuu-22384,【公式】YURUMARU（ゆるまる）,https://yurumaru.life/,https://muuuuu.org/industry/interior/22384.html,muuuuu,"brand,ec","building,interior",ec,building,,https://muuuuu.org/wp-content/uploads/2025/12/09.webp,2026-09-08T17:00:31+09:00
muuuuu-22390,E-1グランプリ2025,https://corekara.co.jp/20251203conference/,,muuuuu,service,ad,service,ad,,https://muuuuu.org/wp-content/uploads/2025/12/06.webp,2026-09-08T17:00:31+09:00
muuuuu-22392,Studio Dado,https://www.studiodado.com/,,muuuuu,service,ad,service,ad,,https://muuuuu.org/wp-content/uploads/2025/12/08.webp,2026-09-08T17:00:31+09:00
muuuuu-22404,塚地建築,https://tsukaji-kenchiku.com/,,muuuuu,co,building,corporate,building,,https://muuuuu.org/wp-content/uploads/2025/12/10.webp,2026-09-08T17:00:31+09:00
muuuuu-22425,株式会社LITS,https://lits-jp.com/,,muuuuu,co,"ad,human-resources,human-resources,human-resources,human-resources,human-resources",corporate,ad,,https://muuuuu.org/wp-content/uploads/2025/12/11-3.webp,2026-09-08T17:00:31+09:00
muuuuu-22449,株式会社ハイブ,https://www.hive.jpn.com/,https://muuuuu.org/industry/interior/22449.html,muuuuu,co,"building,interior,life",corporate,building,,https://muuuuu.org/wp-content/uploads/2025/12/12-2.webp,2026-09-08T17:00:31+09:00
muuuuu-22452,ホテルタウ熊本,https://tau-kumamoto.com/,https://muuuuu.org/industry/trip/22452.html,muuuuu,service,trip,service,trip,,https://muuuuu.org/wp-content/uploads/2025/12/13-1.webp,2026-09-08T17:00:31+09:00
muuuuu-22454,株式会社Zero-Ten,https://zeroten.jp/,https://muuuuu.org/industry/building/22454.html,muuuuu,"co,b2b-company",building,corporate,building,,https://muuuuu.org/wp-content/uploads/2025/12/14-1.webp,2026-09-08T17:00:31+09:00
muuuuu-22456,株式会社竹中,https://takenaka-foodware.jp/,https://muuuuu.org/industry/food/22456.html,muuuuu,co,"food,life",corporate,food,,https://muuuuu.org/wp-content/uploads/2025/12/25-1.webp,2026-09-08T17:00:31+09:00
muuuuu-22458,埼玉県済生会川口総合病院,https://www.saiseikai.gr.jp/,https://muuuuu.org/industry/hospital/22458.html,muuuuu,co,hospital,corporate,hospital,,https://muuuuu.org/wp-content/uploads/2025/12/16-1.webp,2026-09-08T17:00:31+09:00
muuuuu-22505,YOUR CITY IS GOOD?,https://yourcityisgood.com/nagoya/,https://muuuuu.org/industry/restaurant/22505.html,muuuuu,"owned-media,portal","area,fashionall,restaurant",media,area,,https://muuuuu.org/wp-content/uploads/2025/12/15.webp,2026-09-08T17:00:31+09:00
muuuuu-22510,セゾン投信,https://www.saison-am.co.jp/,https://muuuuu.org/industry/finance/22510.html,muuuuu,service,finance,service,finance,,https://muuuuu.org/wp-content/uploads/2025/12/18-1.webp,2026-09-08T17:00:31+09:00
muuuuu-22511,名古屋デザイン＆テクノロジー専門学校,https://www.nca.ac.jp/,https://muuuuu.org/industry/school/22511.html,muuuuu,portal,"education-service,school",public,education-service,,https://muuuuu.org/wp-content/uploads/2025/12/17.webp,2026-09-08T17:00:31+09:00
muuuuu-22514,Coral Capital,https://coralcap.co/,https://muuuuu.org/industry/finance/22514.html,muuuuu,portal,finance,public,finance,,https://muuuuu.org/wp-content/uploads/2025/12/19-1.webp,2026-09-08T17:00:31+09:00
muuuuu-22547,GYOKURO STUDIO,https://gyokuro-s.com/ja/,,muuuuu,co,ad,corporate,ad,,https://muuuuu.org/wp-content/uploads/2025/12/21.webp,2026-09-08T17:00:31+09:00
muuuuu-22551,佐久間宣行事務所オフィシャルサイト,https://nob-sakuma.com/,,muuuuu,co,ad,corporate,ad,,https://muuuuu.org/wp-content/uploads/2025/12/27.webp,2026-09-08T17:00:31+09:00
muuuuu-22567,Melt Interface 公式サイト,https://www.melt-interface.com/melt-mouse,https://muuuuu.org/industry/electrical/22567.html,muuuuu,brand,electrical,brand,electrical,,https://muuuuu.org/wp-content/uploads/2025/12/26.webp,2026-09-08T17:00:31+09:00
muuuuu-22593,コクヨ株式会社,https://www.kokuyo.com/,https://muuuuu.org/industry/interior/22593.html,muuuuu,co,interior,corporate,interior,,https://muuuuu.org/wp-content/uploads/2025/12/30.webp,2026-09-08T17:00:31+09:00
muuuuu-22602,IN FOCUS INC,https://infocusinc.com/,https://muuuuu.org/industry/art/22602.html,muuuuu,"co,b2b-company",art,corporate,art,,https://muuuuu.org/wp-content/uploads/2025/12/35.webp,2026-09-08T17:00:31+09:00
muuuuu-22622,あまの皮ふ科,https://amano-clinic.jp/,https://muuuuu.org/industry/hospital/22622.html,muuuuu,co,hospital,corporate,hospital,,https://muuuuu.org/wp-content/uploads/2025/12/36.webp,2026-09-08T17:00:31+09:00
muuuuu-22630,ium,https://ium.jp/,https://muuuuu.org/industry/art/22630.html,muuuuu,co,art,corporate,art,,https://muuuuu.org/wp-content/uploads/2025/12/321.webp,2026-09-08T17:00:31+09:00
muuuuu-22632,SOLA KOBE,https://www.sola-resort.com/,https://muuuuu.org/industry/wedding/22632.html,muuuuu,service,"wedding,wedding,wedding,wedding,wedding",service,wedding,,https://muuuuu.org/wp-content/uploads/2025/12/37.webp,2026-09-08T17:00:31+09:00
muuuuu-22640,うちで噂のNEW CREATORS,https://www.taiyokikaku.com/newcreators2025/,https://muuuuu.org/industry/publication/22640.html,muuuuu,webmagazine,"ad,publication",media,ad,,https://muuuuu.org/wp-content/uploads/2025/12/38.webp,2026-09-08T17:00:31+09:00
muuuuu-22649,せきがはら人間村,https://sekigaharaningenmura.jp/,https://muuuuu.org/industry/shopping/22649.html,muuuuu,service,"food,life,shopping",service,food,,https://muuuuu.org/wp-content/uploads/2025/12/41.webp,2026-09-08T17:00:31+09:00
muuuuu-22654,Vivoo,https://www.otsuka-plus1.com/vivoo/,,muuuuu,service,"healthcare,healthcare,healthcare,healthcare,healthcare,welfare-care",service,healthcare,,https://muuuuu.org/wp-content/uploads/2025/12/40.webp,2026-09-08T17:00:31+09:00
muuuuu-22656,NSSG,https://nssg.jp/,https://muuuuu.org/industry/art/22656.html,muuuuu,co,art,corporate,art,,https://muuuuu.org/wp-content/uploads/2026/01/47.webp,2026-09-08T17:00:31+09:00
muuuuu-22660,iro Inc.,https://iro-inc.jp/,,muuuuu,co,ad,corporate,ad,,https://muuuuu.org/wp-content/uploads/2025/12/39.webp,2026-09-08T17:00:31+09:00
muuuuu-22666,一般社団法人nosson,https://nosson.jp/,,muuuuu,co,"group,human-resources,human-resources,human-resources,human-resources,human-resources",corporate,group,,https://muuuuu.org/wp-content/uploads/2025/12/43.webp,2026-09-08T17:00:31+09:00
muuuuu-22672,佐賀 嬉野温泉 萬象閣敷島,https://www.bansyoukaku-sikisima.co.jp/,https://muuuuu.org/industry/trip/22672.html,muuuuu,service,trip,service,trip,,https://muuuuu.org/wp-content/uploads/2025/12/34.webp,2026-09-08T17:00:31+09:00
muuuuu-22677,Glocally Hotel “TATEYA”,https://www.glctateya.com/,https://muuuuu.org/industry/trip/22677.html,muuuuu,service,trip,service,trip,,https://muuuuu.org/wp-content/uploads/2025/12/31.webp,2026-09-08T17:00:31+09:00
muuuuu-22704,パレード伏見洋菓子店,https://parade.kyoto/,https://muuuuu.org/industry/restaurant/22704.html,muuuuu,co,restaurant,corporate,restaurant,,https://muuuuu.org/wp-content/uploads/2025/12/44.webp,2026-09-08T17:00:31+09:00
muuuuu-22708,YOKOHAMA TRIATHLON,https://yokohamatriathlon.jp/wts/,https://muuuuu.org/industry/sports/22708.html,muuuuu,portal,sports,public,sports,,https://muuuuu.org/wp-content/uploads/2026/01/45.webp,2026-09-08T17:00:31+09:00
muuuuu-22741,Osmo,https://www.osmo.supply/,,muuuuu,portal,ad,public,ad,,https://muuuuu.org/wp-content/uploads/2026/01/11.webp,2026-09-08T17:00:31+09:00
muuuuu-22744,神戸ヤクルト販売株式会社,https://kobe-yakult.co.jp/,,muuuuu,co,"healthcare,healthcare,healthcare,healthcare,healthcare",corporate,healthcare,,https://muuuuu.org/wp-content/uploads/2026/01/12.webp,2026-09-08T17:00:31+09:00
muuuuu-22746,株式会社クロスバリュー,https://cross-value.co.jp/,,muuuuu,co,,corporate,other,,https://muuuuu.org/wp-content/uploads/2026/01/113.webp,2026-09-08T17:00:31+09:00
muuuuu-22748,廣野鐵工所 採用サイト,https://hirono-iwc.co.jp/recruit/,https://muuuuu.org/industry/company/22748.html,muuuuu,recruit,company,recruit,company,,https://muuuuu.org/wp-content/uploads/2026/01/14.webp,2026-09-08T17:00:31+09:00
muuuuu-22753,株式会社J.SECURITY,https://j-security.co.jp/,https://muuuuu.org/industry/company/22753.html,muuuuu,"co,b2b-company","company,human-resources,human-resources,human-resources,human-resources,human-resources",corporate,company,,https://muuuuu.org/wp-content/uploads/2026/01/15.webp,2026-09-08T17:00:31+09:00
muuuuu-22756,SERIOUS CERAMIC,https://seiwaceramics.com/ja,https://muuuuu.org/industry/company/22756.html,muuuuu,ec,company,ec,company,,https://muuuuu.org/wp-content/uploads/2026/01/16.webp,2026-09-08T17:00:31+09:00
muuuuu-22771,UPVEGE,https://upvege.com/,https://muuuuu.org/industry/food/22771.html,muuuuu,service,food,service,food,,https://muuuuu.org/wp-content/uploads/2026/01/17.webp,2026-09-08T17:00:31+09:00
muuuuu-22800,日産自動車 キャリア採用サイト,https://www.nissanmotor.jobs/japan/MC/,https://muuuuu.org/industry/car/22800.html,muuuuu,recruit,car,recruit,car,,https://muuuuu.org/wp-content/uploads/2026/01/18.webp,2026-09-08T17:00:31+09:00
muuuuu-22803,beatfic experiment,https://www.beatfic.jp/,,muuuuu,portal,group,public,group,,https://muuuuu.org/wp-content/uploads/2026/01/191.webp,2026-09-08T17:00:31+09:00
muuuuu-22836,合同会社DESIGN STUDIO K,https://ds-k.site/,https://muuuuu.org/industry/art/22836.html,muuuuu,"co,b2b-company",art,corporate,art,,https://muuuuu.org/wp-content/uploads/2026/01/21.webp,2026-09-08T17:00:31+09:00
muuuuu-22840,MBS RECRUIT,https://www.mbs.jp/recruit/,,muuuuu,recruit,ad,recruit,ad,,https://muuuuu.org/wp-content/uploads/2026/01/23.webp,2026-09-08T17:00:31+09:00
muuuuu-22846,BEAMS CREATIVE,https://beamscreative.jp/,https://muuuuu.org/industry/art/22846.html,muuuuu,co,art,corporate,art,,https://muuuuu.org/wp-content/uploads/2026/01/24.webp,2026-09-08T17:00:31+09:00
muuuuu-22849,The Creative Website Manual&#x2122;,https://www.creativewebmanual.com/,https://muuuuu.org/industry/technology/22849.html,muuuuu,portal,technology,public,technology,,https://muuuuu.org/wp-content/uploads/2026/01/25.webp,2026-09-08T17:00:31+09:00
muuuuu-22856,ヤマックス株式会社 採用サイト,https://www.yamacs.co.jp/recruit/,https://muuuuu.org/industry/company/22856.html,muuuuu,recruit,company,recruit,company,,https://muuuuu.org/wp-content/uploads/2026/01/27.webp,2026-09-08T17:00:31+09:00
muuuuu-22861,ふなこし内科・循環器内科,https://www.funakoshi-naika.net/,https://muuuuu.org/industry/hospital/22861.html,muuuuu,co,hospital,corporate,hospital,,https://muuuuu.org/wp-content/uploads/2026/01/28.webp,2026-09-08T17:00:31+09:00
muuuuu-22868,クリニック杜の里,https://c-morinosato.com/,https://muuuuu.org/industry/hospital/22868.html,muuuuu,co,hospital,corporate,hospital,,https://muuuuu.org/wp-content/uploads/2026/01/30.webp,2026-09-08T17:00:31+09:00
muuuuu-22872,FirstDigital,https://www.firstdigital.co.jp/,,muuuuu,co,ad,corporate,ad,,https://muuuuu.org/wp-content/uploads/2026/01/31.webp,2026-09-08T17:00:31+09:00
muuuuu-22900,Paper Tiger,https://www.papertiger.com/,https://muuuuu.org/industry/art/22900.html,muuuuu,co,art,corporate,art,,https://muuuuu.org/wp-content/uploads/2026/01/01.webp,2026-09-08T17:00:31+09:00
muuuuu-22909,studio.CBR代官山,https://www.studiocbr.jp/,https://muuuuu.org/industry/company/22909.html,muuuuu,service,company,service,company,,https://muuuuu.org/wp-content/uploads/2026/01/02.webp,2026-09-08T17:00:31+09:00
muuuuu-22914,Hotel URO,https://hotel-uro.jp/,,muuuuu,service,,service,other,,https://muuuuu.org/wp-content/uploads/2026/01/03.webp,2026-09-08T17:00:31+09:00
muuuuu-22918,石川商店,https://www.gokokumai.co.jp/,https://muuuuu.org/industry/food/22918.html,muuuuu,ec,food,ec,food,,https://muuuuu.org/wp-content/uploads/2026/01/04.webp,2026-09-08T17:00:31+09:00
muuuuu-22921,ユニセル,https://unicell.co.jp/,,muuuuu,b2b-company,"human-resources,human-resources,human-resources,human-resources,human-resources",corporate,human-resources,,https://muuuuu.org/wp-content/uploads/2026/01/05.webp,2026-09-08T17:00:31+09:00
muuuuu-22925,株式会社東組 採用サイト,https://www.azumagumi.co.jp/recruit/,https://muuuuu.org/industry/building/22925.html,muuuuu,recruit,building,recruit,building,,https://muuuuu.org/wp-content/uploads/2026/01/FireShot-Capture-330-株式会社東組-採用サイト｜和歌山県内トップクラスのマリコン海洋土木企業-www.azumagumi.co_.jp_.webp,2026-09-08T17:00:31+09:00
muuuuu-22934,©Design by Dylan,https://www.dylanbrouwer.design/,https://muuuuu.org/industry/art/22934.html,muuuuu,service,art,service,art,,https://muuuuu.org/wp-content/uploads/2026/01/FireShot-Capture-331-©Design-by-Dylan-✦-Digital-Designer-Webflow-Developer_-www.dylanbrouwer.design.webp,2026-09-08T17:00:31+09:00
muuuuu-22941,gaaboo,https://gaaboo.jp/,,muuuuu,recruit,ad,recruit,ad,,https://muuuuu.org/wp-content/uploads/2026/01/FireShot-Capture-333-gaaboo-Inc.-gaaboo.jp_.webp,2026-09-08T17:00:31+09:00
muuuuu-22950,LesPros Entertainment,https://www.lespros.co.jp/,,muuuuu,co,ad,corporate,ad,,https://muuuuu.org/wp-content/uploads/2026/02/thumbnail.webp,2026-09-08T17:00:31+09:00
muuuuu-22954,俵屋旅館,https://the-tawaraya.jp/,https://muuuuu.org/industry/trip/22954.html,muuuuu,service,trip,service,trip,,https://muuuuu.org/wp-content/uploads/2026/02/FireShot-Capture-342-俵屋旅館-THE-TAWARAYA-the-tawaraya.jp_.webp,2026-09-08T17:00:31+09:00
muuuuu-22963,松尾工務店,https://www.matsuo-komuten.co.jp/,https://muuuuu.org/industry/company/22963.html,muuuuu,"b2b-company,recruit",company,recruit,company,,https://muuuuu.org/wp-content/uploads/2026/02/14.webp,2026-09-08T17:00:31+09:00
muuuuu-22967,こばクリニック,https://koba-clinic.jp/,https://muuuuu.org/industry/hospital/22967.html,muuuuu,service,hospital,service,hospital,,https://muuuuu.org/wp-content/uploads/2026/02/15.webp,2026-09-08T17:00:31+09:00
muuuuu-22973,yuppa,https://yuppa.co.jp/,https://muuuuu.org/industry/food/22973.html,muuuuu,service,food,service,food,,https://muuuuu.org/wp-content/uploads/2026/02/10.webp,2026-09-08T17:00:31+09:00
muuuuu-22980,アツギ株式会社,https://www.atsugi.co.jp/,https://muuuuu.org/industry/company/22980.html,muuuuu,co,company,corporate,company,,https://muuuuu.org/wp-content/uploads/2026/02/12.webp,2026-09-08T17:00:31+09:00
muuuuu-22990,オリックス・レンテック株式会社｜新卒・キャリア採用情報,https://www.orixrentec.jp/company/recruit/index.html,https://muuuuu.org/industry/finance/22990.html,muuuuu,recruit,finance,recruit,finance,,https://muuuuu.org/wp-content/uploads/2026/02/19.webp,2026-09-08T17:00:31+09:00
muuuuu-23000,株式会社LANY,https://www.lany.co.jp/,,muuuuu,co,ad,corporate,ad,,https://muuuuu.org/wp-content/uploads/2026/02/18.webp,2026-09-08T17:00:31+09:00
muuuuu-23005,横浜ティンバーワーフ,https://yokohama-timberwharf.com/,https://muuuuu.org/industry/shopping/23005.html,muuuuu,service,shopping,service,shopping,,https://muuuuu.org/wp-content/uploads/2026/02/22.webp,2026-09-08T17:00:31+09:00
muuuuu-23007,EMS・UNIVERSE合同採用サイト,https://careers.kk-ems.jp/,,muuuuu,recruit,ad,recruit,ad,,https://muuuuu.org/wp-content/uploads/2026/02/careers.kk-ems.jp_-3.webp,2026-09-08T17:00:31+09:00
muuuuu-23009,MontBlanc Pictures,https://mtblanc.jp/,,muuuuu,"co,b2b-company",ad,corporate,ad,,https://muuuuu.org/wp-content/uploads/2026/02/21.webp,2026-09-08T17:00:31+09:00
muuuuu-23011,三次元 The Classic,https://3jigen.jp/,https://muuuuu.org/industry/building/23011.html,muuuuu,co,building,corporate,building,,https://muuuuu.org/wp-content/uploads/2026/02/24.webp,2026-09-08T17:00:31+09:00
muuuuu-23014,ホテル鹿島ノ森,https://kajimanomori.co.jp/,https://muuuuu.org/industry/trip/23014.html,muuuuu,service,trip,service,trip,,https://muuuuu.org/wp-content/uploads/2026/02/25.webp,2026-09-08T17:00:31+09:00
muuuuu-23052,ベリーマン株式会社,https://veryman.jp/,,muuuuu,co,ad,corporate,ad,,https://muuuuu.org/wp-content/uploads/2026/02/29.webp,2026-09-08T17:00:31+09:00
muuuuu-23059,PLAID ALPHA,https://alpha.plaid.co.jp/,,muuuuu,"b2b-company,service",ad,service,ad,,https://muuuuu.org/wp-content/uploads/2026/02/28.webp,2026-09-08T17:00:31+09:00
muuuuu-23064,県庁通り商店街,https://f-kenchou-st.com/,,muuuuu,webmagazine,group,media,group,,https://muuuuu.org/wp-content/uploads/2026/02/27.webp,2026-09-08T17:00:31+09:00
muuuuu-23067,AICHLER（株式会社灘商会）,https://aichler.jp/,https://muuuuu.org/industry/building/23067.html,muuuuu,co,building,corporate,building,,https://muuuuu.org/wp-content/uploads/2026/02/212126.webp,2026-09-08T17:00:31+09:00
muuuuu-23078,KBCグループ｜ブランドサイト,https://kbc.co.jp/brand/,https://muuuuu.org/industry/art/23078.html,muuuuu,"co,brand",art,brand,art,,https://muuuuu.org/wp-content/uploads/2026/02/01.webp,2026-09-08T17:00:31+09:00
muuuuu-23083,JAFTAS®,https://jaftas.jp/,https://muuuuu.org/industry/company/23083.html,muuuuu,co,company,corporate,company,,https://muuuuu.org/wp-content/uploads/2026/02/02.webp,2026-09-08T17:00:31+09:00
muuuuu-23094,Good Life Meds&#x2122;,https://www.goodlifemeds.com/,,muuuuu,ec,"healthcare,healthcare,healthcare,healthcare,healthcare",ec,healthcare,,https://muuuuu.org/wp-content/uploads/2026/02/03.webp,2026-09-08T17:00:31+09:00
muuuuu-23102,OKI,https://www.oki.com/global/ja/,https://muuuuu.org/industry/company/23102.html,muuuuu,"co,b2b-company",company,corporate,company,,https://muuuuu.org/wp-content/uploads/2026/02/04.webp,2026-09-08T17:00:31+09:00
muuuuu-23109,東芝エレベータ｜採用サイト,https://www.toshiba-elevator.co.jp/elv/recruit/shinsotsu/,https://muuuuu.org/industry/company/23109.html,muuuuu,recruit,company,recruit,company,,https://muuuuu.org/wp-content/uploads/2026/02/05.webp,2026-09-08T17:00:31+09:00
muuuuu-23130,Dulcedo,https://dulcedo.com/,https://muuuuu.org/industry/fashion/23130.html,muuuuu,co,fashion,corporate,fashion,,https://muuuuu.org/wp-content/uploads/2026/03/07.webp,2026-09-08T17:00:31+09:00
muuuuu-23136,FREEDOM X株式会社,https://freedom-x.co.jp/,https://muuuuu.org/industry/building/23136.html,muuuuu,co,building,corporate,building,,https://muuuuu.org/wp-content/uploads/2026/03/11.webp,2026-09-08T17:00:31+09:00
muuuuu-23138,博展 採用サイト,https://recruit.hakuten.co.jp/,,muuuuu,recruit,,recruit,other,,https://muuuuu.org/wp-content/uploads/2026/03/10.webp,2026-09-08T17:00:31+09:00
muuuuu-23141,DoKomi,https://www.dokomi.de/ja,https://muuuuu.org/industry/entertainment/23141.html,muuuuu,service,entertainment,service,entertainment,,https://muuuuu.org/wp-content/uploads/2026/03/09.webp,2026-09-08T17:00:31+09:00
muuuuu-23160,シーベジスタンド,https://seavege-stand.com/,https://muuuuu.org/industry/restaurant/23160.html,muuuuu,service,restaurant,service,restaurant,,https://muuuuu.org/wp-content/uploads/2026/03/11-1.webp,2026-09-08T17:00:31+09:00
muuuuu-23165,株式会社ワイケープロデュース,https://ykproduce.co.jp/,,muuuuu,co,ad,corporate,ad,,https://muuuuu.org/wp-content/uploads/2026/03/12.webp,2026-09-08T17:00:31+09:00
muuuuu-23194,soine,https://soine.jp/,https://muuuuu.org/industry/art/23194.html,muuuuu,co,art,corporate,art,,https://muuuuu.org/wp-content/uploads/2026/03/15.webp,2026-09-08T17:00:31+09:00
muuuuu-23201,読めない、GUNZE。,https://www.gunze.co.jp/130th/,https://muuuuu.org/industry/fashionall/23201.html,muuuuu,brand,fashionall,brand,fashionall,,https://muuuuu.org/wp-content/uploads/2026/03/17.webp,2026-09-08T17:00:31+09:00
muuuuu-23207,GANYMEDE株式会社,https://gnmd.com/,,muuuuu,"co,b2b-company",ad,corporate,ad,,https://muuuuu.org/wp-content/uploads/2026/03/18.webp,2026-09-08T17:00:31+09:00
muuuuu-23209,Sumu Ueno East,https://service.sumu-hotel.com/ja/ueno-east/,https://muuuuu.org/industry/trip/23209.html,muuuuu,service,trip,service,trip,,https://muuuuu.org/wp-content/uploads/2026/03/19.webp,2026-09-08T17:00:31+09:00
muuuuu-23229,株式会社ギフティ 採用サイト,https://careers.giftee.co.jp/,,muuuuu,recruit,ad,recruit,ad,,https://muuuuu.org/wp-content/uploads/2026/03/20.webp,2026-09-08T17:00:31+09:00
muuuuu-23234,高忠商会 採用サイト,https://www.takachu.co.jp/recruit/,https://muuuuu.org/industry/company/23234.html,muuuuu,recruit,company,recruit,company,,https://muuuuu.org/wp-content/uploads/2026/03/21.webp,2026-09-08T17:00:31+09:00
muuuuu-23246,令和8年度警視庁採用サイト,https://www.keishicho.metro.tokyo.lg.jp/saiyo/,,muuuuu,recruit,group,recruit,group,,https://muuuuu.org/wp-content/uploads/2026/03/22.webp,2026-09-08T17:00:31+09:00
muuuuu-23248,採用情報｜住友林業フォレストサービス株式会社,https://www.sumitomoforestry.co.jp/recruit/,https://muuuuu.org/industry/company/23248.html,muuuuu,recruit,company,recruit,company,,https://muuuuu.org/wp-content/uploads/2026/03/23.webp,2026-09-08T17:00:31+09:00
muuuuu-23252,GENEROSITY inc.,https://generosity.co.jp/,,muuuuu,co,ad,corporate,ad,,https://muuuuu.org/wp-content/uploads/2026/03/25.webp,2026-09-08T17:00:31+09:00
muuuuu-23254,とよたフィルムコミッション,https://toyota-film-commission.jp/,,muuuuu,"owned-media,portal",group,media,group,,https://muuuuu.org/wp-content/uploads/2026/03/26.webp,2026-09-08T17:00:31+09:00
muuuuu-23256,Meikei High School,https://meikei.ac.jp/,https://muuuuu.org/industry/school/23256.html,muuuuu,portal,"education-service,school",public,education-service,,https://muuuuu.org/wp-content/uploads/2026/03/27.webp,2026-09-08T17:00:31+09:00
muuuuu-23269,mount inc.,https://mount.jp/,https://muuuuu.org/industry/art/23269.html,muuuuu,"co,b2b-company","ad,art",corporate,ad,,https://muuuuu.org/wp-content/uploads/2026/03/328.webp,2026-09-08T17:00:31+09:00
muuuuu-23314,Forging Companies that Pull the Future Forward,https://www.worldquantfoundry.com/,,muuuuu,co,ad,corporate,ad,,https://muuuuu.org/wp-content/uploads/2026/03/329.webp,2026-09-08T17:00:31+09:00
muuuuu-23329,株式会社ユニッジ,https://unidge.co.jp/,,muuuuu,co,ad,corporate,ad,,https://muuuuu.org/wp-content/uploads/2026/03/image-5.webp,2026-09-08T17:00:31+09:00
muuuuu-23334,The Obsidian Assembly,https://obsidianassembly.com/,https://muuuuu.org/industry/art/23334.html,muuuuu,portal,art,public,art,,https://muuuuu.org/wp-content/uploads/2026/03/401.webp,2026-09-08T17:00:31+09:00
muuuuu-23347,ようこそ！ナミナミダンボール沼へ,https://nami-nami.jp/,https://muuuuu.org/industry/company/23347.html,muuuuu,brand,company,brand,company,,https://muuuuu.org/wp-content/uploads/2026/03/02.webp,2026-09-08T17:00:31+09:00
muuuuu-23361,公益財団法人吉田秀雄記念事業財団,https://www.yhmf.jp/,,muuuuu,co,group,corporate,group,,https://muuuuu.org/wp-content/uploads/2026/03/03.webp,2026-09-08T17:00:31+09:00
muuuuu-23364,金山町観光物産協会 公式サイト,https://www.kaneyama-kankou.ne.jp/,,muuuuu,brand,group,brand,group,,https://muuuuu.org/wp-content/uploads/2026/03/04.webp,2026-09-08T17:00:31+09:00
muuuuu-23372,株式会社三崎組,https://www.misakigumi.com/,https://muuuuu.org/industry/building/23372.html,muuuuu,co,building,corporate,building,,https://muuuuu.org/wp-content/uploads/2026/03/07-1.webp,2026-09-08T17:00:31+09:00
muuuuu-23374,neie,https://neie.jp/,https://muuuuu.org/industry/building/23374.html,muuuuu,co,building,corporate,building,,https://muuuuu.org/wp-content/uploads/2026/03/08-1.webp,2026-09-08T17:00:31+09:00
muuuuu-23376,Tattoo Studio Ray&#8217;s,https://tattoo-rays.com/?lang=ja,https://muuuuu.org/industry/beauty/23376.html,muuuuu,service,beauty,service,beauty,,https://muuuuu.org/wp-content/uploads/2026/03/09-1.webp,2026-09-08T17:00:31+09:00
muuuuu-23378,ふみの Official site,https://fumino.b-rave.tokyo/,https://muuuuu.org/industry/music/23378.html,muuuuu,brand,music,brand,music,,https://muuuuu.org/wp-content/uploads/2026/03/10-1.webp,2026-09-08T17:00:31+09:00
muuuuu-23380,SHIN KA,https://shinka-masumi.jp/,https://muuuuu.org/industry/building/23380.html,muuuuu,brand,building,brand,building,,https://muuuuu.org/wp-content/uploads/2026/03/11-2.webp,2026-09-08T17:00:31+09:00
muuuuu-23382,スポーツ情報学部 2027年4月開設予定（設置構想中）｜中央大学公式サイト,https://sdb.chuo-u.ac.jp/,https://muuuuu.org/industry/school/23382.html,muuuuu,portal,"education-service,school",public,education-service,,https://muuuuu.org/wp-content/uploads/2026/03/12-1.webp,2026-09-08T17:00:31+09:00
muuuuu-23386,SHIBUYA STREET LIVE 公式サイト,https://shibuyastreetlive.jp/,https://muuuuu.org/industry/music/23386.html,muuuuu,webmagazine,music,media,music,,https://muuuuu.org/wp-content/uploads/2026/04/14.webp,2026-09-08T17:00:31+09:00
muuuuu-23396,採用情報 | SOMPOビジネスサービス株式会社,https://sjnkbs.co.jp/recruiting/,https://muuuuu.org/industry/company/23396.html,muuuuu,recruit,company,recruit,company,,https://muuuuu.org/wp-content/uploads/2026/04/15.webp,2026-09-08T17:00:31+09:00
muuuuu-23448,STUDIO DETAILS,https://www.details.co.jp/,https://muuuuu.org/industry/art/23448.html,muuuuu,co,art,corporate,art,,https://muuuuu.org/wp-content/uploads/2026/04/16.webp,2026-09-08T17:00:31+09:00
muuuuu-23453,インプロダクション株式会社,https://in-pro.co.jp/,https://muuuuu.org/industry/art/23453.html,muuuuu,co,art,corporate,art,,https://muuuuu.org/wp-content/uploads/2026/03/13-1.webp,2026-09-08T17:00:31+09:00
muuuuu-23457,中途採用 特設サイト | 株式会社GA technologies,https://midcareer-recruit.ga-tech.co.jp/,,muuuuu,recruit,ad,recruit,ad,,https://muuuuu.org/wp-content/uploads/2026/04/17.webp,2026-09-08T17:00:31+09:00
muuuuu-23469,株式会社CRAYON,https://c-rayon.com/,,muuuuu,"co,b2b-company",ad,corporate,ad,,https://muuuuu.org/wp-content/uploads/2026/04/image-21.webp,2026-09-08T17:00:31+09:00
muuuuu-23483,4WIDE,https://4wide.jp/,,muuuuu,b2b-company,ad,corporate,ad,,https://muuuuu.org/wp-content/uploads/2026/04/41520.webp,2026-09-08T17:00:31+09:00
muuuuu-23490,PICNIC MOTEL House Project,https://picnic-motel-house.dolive.media/,https://muuuuu.org/industry/building/23490.html,muuuuu,brand,building,brand,building,,https://muuuuu.org/wp-content/uploads/2026/04/22.webp,2026-09-08T17:00:31+09:00
muuuuu-23504,NERD,https://nerd-creation.com/,,muuuuu,co,"ad,human-resources,human-resources,human-resources,human-resources,human-resources",corporate,ad,,https://muuuuu.org/wp-content/uploads/2026/04/image-23.webp,2026-09-08T17:00:31+09:00
muuuuu-23506,全国空き家対策コンソーシアム,https://www.j-akiya.jp/,,muuuuu,co,group,corporate,group,,https://muuuuu.org/wp-content/uploads/2026/04/21.webp,2026-09-08T17:00:31+09:00
muuuuu-23508,OASIZ,https://oasiz.org/,,muuuuu,"co,b2b-company",ad,corporate,ad,,https://muuuuu.org/wp-content/uploads/2026/04/31.webp,2026-09-08T17:00:31+09:00
muuuuu-23522,SateBiz,https://satebiz.com/,https://muuuuu.org/industry/technology/23522.html,muuuuu,portal,technology,public,technology,,https://muuuuu.org/wp-content/uploads/2026/04/25.webp,2026-09-08T17:00:31+09:00
muuuuu-23525,白骨温泉,https://www.shirahone.org/,https://muuuuu.org/industry/trip/23525.html,muuuuu,service,trip,service,trip,,https://muuuuu.org/wp-content/uploads/2026/04/234.webp,2026-09-08T17:00:31+09:00
muuuuu-23530,ラヴィピュール,https://www.la-viepure.com/,https://muuuuu.org/industry/fashion/23530.html,muuuuu,service,fashion,service,fashion,,https://muuuuu.org/wp-content/uploads/2026/04/28.webp,2026-09-08T17:00:31+09:00
muuuuu-23535,株式会社 土と風,https://tsuchitokaze.co.jp/,,muuuuu,"co,b2b-company",group,corporate,group,,https://muuuuu.org/wp-content/uploads/2026/04/24.webp,2026-09-08T17:00:31+09:00
muuuuu-23551,vivace,https://vivace-inc.co.jp/,https://muuuuu.org/industry/publication/23551.html,muuuuu,co,"ad,publication",corporate,ad,,https://muuuuu.org/wp-content/uploads/2026/04/29.webp,2026-09-08T17:00:31+09:00
muuuuu-23556,Payn,https://payn.io/,https://muuuuu.org/industry/technology/23556.html,muuuuu,"b2b-company,service",technology,service,technology,,https://muuuuu.org/wp-content/uploads/2026/04/30.webp,2026-09-08T17:00:31+09:00
muuuuu-23561,東京都私学財団,https://www.shigaku-tokyo.or.jp/,https://muuuuu.org/industry/school/23561.html,muuuuu,"owned-media,portal","education-service,school",media,education-service,,https://muuuuu.org/wp-content/uploads/2026/04/26.webp,2026-09-08T17:00:31+09:00
muuuuu-23571,株式会社ユニシアホールディングス 採用サイト,https://recruit.unisia.co.jp/,https://muuuuu.org/industry/restaurant/23571.html,muuuuu,recruit,restaurant,recruit,restaurant,,https://muuuuu.org/wp-content/uploads/2026/04/04-1.webp,2026-09-08T17:00:31+09:00
muuuuu-23585,中田工芸株式会社,https://www.nakatakogei.com/,https://muuuuu.org/industry/company/23585.html,muuuuu,co,company,corporate,company,,https://muuuuu.org/wp-content/uploads/2026/04/01.webp,2026-09-08T17:00:31+09:00
muuuuu-23597,四国洗機工業株式会社,https://www.shikokusenki.com/,https://muuuuu.org/industry/company/23597.html,muuuuu,co,company,corporate,company,,https://muuuuu.org/wp-content/uploads/2026/04/image-6.webp,2026-09-08T17:00:31+09:00
muuuuu-23599,日経電子版 for Education｜公式サイト,https://www.nikkei.com/promotion/education/,https://muuuuu.org/industry/school/23599.html,muuuuu,service,"education-service,school",service,education-service,,https://muuuuu.org/wp-content/uploads/2026/04/image-15.webp,2026-09-08T17:00:31+09:00
muuuuu-23611,peace put,https://peaceput.com/,https://muuuuu.org/industry/restaurant/23611.html,muuuuu,co,restaurant,corporate,restaurant,,https://muuuuu.org/wp-content/uploads/2026/04/image-14.webp,2026-09-08T17:00:31+09:00
muuuuu-23629,横浜銀行 IT・デジタル人財向け採用サイト,https://redesign.boy.co.jp/,https://muuuuu.org/industry/finance/23629.html,muuuuu,recruit,finance,recruit,finance,,https://muuuuu.org/wp-content/uploads/2026/05/10.webp,2026-09-08T17:00:31+09:00
muuuuu-23633,JINS HOLDINGS,https://jinsholdings.com/jp/ja,https://muuuuu.org/industry/fashionall/23633.html,muuuuu,co,fashionall,corporate,fashionall,,https://muuuuu.org/wp-content/uploads/2026/05/image-17.webp,2026-09-08T17:00:31+09:00
muuuuu-23637,Re Loop,https://re-loop.jp/,https://muuuuu.org/industry/building/23637.html,muuuuu,b2b-company,building,corporate,building,,https://muuuuu.org/wp-content/uploads/2026/05/image-18.webp,2026-09-08T17:00:31+09:00
muuuuu-23648,合同会社レンズ,https://lens-llc.co.jp/,,muuuuu,co,ad,corporate,ad,,https://muuuuu.org/wp-content/uploads/2026/05/thumb-lens.webp,2026-09-08T17:00:31+09:00
muuuuu-23655,IMAYO Official Website,https://imayo.co.jp/,https://muuuuu.org/industry/watch/23655.html,muuuuu,co,"watch,watch,watch,watch,watch",corporate,watch,,https://muuuuu.org/wp-content/uploads/2026/05/13c3.webp,2026-09-08T17:00:31+09:00
muuuuu-23660,サンフロロシステム株式会社,https://www.sunfluoro.co.jp/,https://muuuuu.org/industry/company/23660.html,muuuuu,co,company,corporate,company,,https://muuuuu.org/wp-content/uploads/2026/05/15.webp,2026-09-08T17:00:31+09:00
muuuuu-23673,Will Style Inc.,https://willstyle.co.jp/,,muuuuu,"co,b2b-company",ad,corporate,ad,,https://muuuuu.org/wp-content/uploads/2026/05/16.webp,2026-09-08T17:00:31+09:00
muuuuu-23677,男を輝かせるBarber｜DAN BRISE,https://www.danbrise-barber.com/,https://muuuuu.org/industry/beauty/23677.html,muuuuu,service,beauty,service,beauty,,https://muuuuu.org/wp-content/uploads/2026/05/image-26.webp,2026-09-08T17:00:31+09:00
muuuuu-23696,王将フードサービス採用サイト,https://recruit.ohsho.co.jp/,https://muuuuu.org/industry/restaurant/23696.html,muuuuu,recruit,restaurant,recruit,restaurant,,https://muuuuu.org/wp-content/uploads/2026/05/192.webp,2026-09-08T17:00:31+09:00
muuuuu-23701,【公式】ツクリオ(Tsuklio),https://www.tsuklio.com/,https://muuuuu.org/industry/food/23701.html,muuuuu,service,food,service,food,,https://muuuuu.org/wp-content/uploads/2026/05/20345.webp,2026-09-08T17:00:31+09:00
muuuuu-23718,URBAN HOME,https://urbanhome-tt.com/,https://muuuuu.org/industry/building/23718.html,muuuuu,co,building,corporate,building,,https://muuuuu.org/wp-content/uploads/2026/05/2523.webp,2026-09-08T17:00:31+09:00
muuuuu-23754,nirnor inc.,https://nirnor.jp/,https://muuuuu.org/industry/building/23754.html,muuuuu,co,building,corporate,building,,https://muuuuu.org/wp-content/uploads/2026/05/2623.webp,2026-09-08T17:00:31+09:00
muuuuu-23902,Billboard Live,https://www.billboard-live.com/,https://muuuuu.org/industry/music/23902.html,muuuuu,brand,music,brand,music,,https://muuuuu.org/wp-content/uploads/2026/05/272134e.webp,2026-09-08T17:00:31+09:00
muuuuu-23986,集英社 2026年度定期採用情報,https://www.shueisha.co.jp/2026saiyo/,https://muuuuu.org/industry/publication/23986.html,muuuuu,recruit,publication,recruit,publication,,https://muuuuu.org/wp-content/uploads/2026/05/28234.webp,2026-09-08T17:00:31+09:00
muuuuu-24017,Konel Inc.,https://www.konel.co.jp/,https://muuuuu.org/industry/art/24017.html,muuuuu,b2b-company,art,corporate,art,,https://muuuuu.org/wp-content/uploads/2026/05/29.webp,2026-09-08T17:00:31+09:00
muuuuu-24021,QANDO,https://qando.co.jp/,,muuuuu,"co,b2b-company",ad,corporate,ad,,https://muuuuu.org/wp-content/uploads/2026/05/30.webp,2026-09-08T17:00:31+09:00
muuuuu-24024,博報堂 HAKUHODO Inc.,https://www.hakuhodo.co.jp/,,muuuuu,"co,b2b-company",ad,corporate,ad,,https://muuuuu.org/wp-content/uploads/2026/05/3123.webp,2026-09-08T17:00:31+09:00
muuuuu-24027,デジタルグリッド株式会社,https://www.digitalgrid.com/,https://muuuuu.org/industry/company/24027.html,muuuuu,"co,b2b-company",company,corporate,company,,https://muuuuu.org/wp-content/uploads/2026/06/image-3.webp,2026-09-08T17:00:31+09:00
muuuuu-24039,Price &amp; Pierce,https://www.price-pierce.co.uk/,https://muuuuu.org/industry/company/24039.html,muuuuu,"co,b2b-company",company,corporate,company,,https://muuuuu.org/wp-content/uploads/2026/06/image-2.webp,2026-09-08T17:00:31+09:00
muuuuu-24096,KEI inc.,https://kei-inc.jp/,https://muuuuu.org/industry/art/24096.html,muuuuu,co,art,corporate,art,,https://muuuuu.org/wp-content/uploads/2026/06/06.webp,2026-09-08T17:00:31+09:00
muuuuu-24103,リバネスナレッジ,https://k.lne.st/,https://muuuuu.org/industry/technology/24103.html,muuuuu,co,technology,corporate,technology,,https://muuuuu.org/wp-content/uploads/2026/06/05.webp,2026-09-08T17:00:31+09:00
muuuuu-24111,ZettaJoule,https://zetta-joule.com/,https://muuuuu.org/industry/company/24111.html,muuuuu,b2b-company,company,corporate,company,,https://muuuuu.org/wp-content/uploads/2026/06/02.webp,2026-09-08T17:00:31+09:00
muuuuu-24114,那須 扇屋,https://www.nasu-ougiya.com/,https://muuuuu.org/industry/food/24114.html,muuuuu,ec,food,ec,food,,https://muuuuu.org/wp-content/uploads/2026/06/09.webp,2026-09-08T17:00:31+09:00
muuuuu-24121,BERG ONISHI INC.,https://berg-onishi.co.jp/,https://muuuuu.org/industry/interior/24121.html,muuuuu,b2b-company,interior,corporate,interior,,https://muuuuu.org/wp-content/uploads/2026/06/08.webp,2026-09-08T17:00:31+09:00
muuuuu-24124,株式会社獅子,https://shishi-w.com/,,muuuuu,"co,b2b-company,recruit",ad,recruit,ad,,https://muuuuu.org/wp-content/uploads/2026/06/07.webp,2026-09-08T17:00:31+09:00
muuuuu-24155,syuz&#8217;gen,https://syuzgen.com/,https://muuuuu.org/industry/art/24155.html,muuuuu,co,art,corporate,art,,https://muuuuu.org/wp-content/uploads/2026/06/10.webp,2026-09-08T17:00:31+09:00
muuuuu-24159,ひとりごこち Inc.,https://hitorigocochi.com/,https://muuuuu.org/industry/art/24159.html,muuuuu,co,art,corporate,art,,https://muuuuu.org/wp-content/uploads/2026/06/image-13.webp,2026-09-08T17:00:31+09:00
muuuuu-24162,株式会社アイトー,https://aito.co.jp/,https://muuuuu.org/industry/interior/24162.html,muuuuu,co,interior,corporate,interior,,https://muuuuu.org/wp-content/uploads/2026/06/12.webp,2026-09-08T17:00:31+09:00
muuuuu-24176,J-CAT株式会社,https://j-cat.co.jp/,https://muuuuu.org/industry/trip/24176.html,muuuuu,service,trip,service,trip,,https://muuuuu.org/wp-content/uploads/2026/06/image-14.webp,2026-09-08T17:00:31+09:00
muuuuu-24191,株式会社黒鳥社,https://blkswn.tokyo/,https://muuuuu.org/industry/publication/24191.html,muuuuu,co,publication,corporate,publication,,https://muuuuu.org/wp-content/uploads/2026/06/11.webp,2026-09-08T17:00:31+09:00
muuuuu-24194,夏季インターンシップ | 新卒採用 | JR東日本,https://recruit.jreast.co.jp/internship/summer/,https://muuuuu.org/industry/company/24194.html,muuuuu,recruit,company,recruit,company,,https://muuuuu.org/wp-content/uploads/2026/06/1118.webp,2026-09-08T17:00:31+09:00
muuuuu-24212,BlueBank株式会社,https://bluebank.co.jp/,https://muuuuu.org/industry/technology/24212.html,muuuuu,"co,b2b-company",technology,corporate,technology,,https://muuuuu.org/wp-content/uploads/2026/06/1120.webp,2026-09-08T17:00:31+09:00
muuuuu-24222,/zeroz（ゼロズ）公式サイト,https://otsuka-air.jp/,,muuuuu,brand,"healthcare,healthcare,healthcare,healthcare,healthcare",brand,healthcare,,https://muuuuu.org/wp-content/uploads/2026/06/19.webp,2026-09-08T17:00:31+09:00
muuuuu-24233,内藤・大塚法律事務所,https://naito-otsuka.com/,https://muuuuu.org/industry/finance/24233.html,muuuuu,co,finance,corporate,finance,,https://muuuuu.org/wp-content/uploads/2026/06/20.webp,2026-09-08T17:00:31+09:00
muuuuu-24237,株式会社Nicoli &#8211; 実況ベイビー,https://nicoli.jp/,,muuuuu,"co,b2b-company,brand",,brand,other,,https://muuuuu.org/wp-content/uploads/2026/06/15.webp,2026-09-08T17:00:31+09:00
muuuuu-24241,株式会社TriOrb,https://triorb.co.jp/,https://muuuuu.org/industry/technology/24241.html,muuuuu,"co,b2b-company",technology,corporate,technology,,https://muuuuu.org/wp-content/uploads/2026/06/18.webp,2026-09-08T17:00:31+09:00
muuuuu-24257,UGOKKO（うごっこ）,https://ugokko.jp/,https://muuuuu.org/industry/kids/24257.html,muuuuu,service,"kids,kids,kids,kids,kids",service,kids,,https://muuuuu.org/wp-content/uploads/2026/06/17.webp,2026-09-08T17:00:31+09:00
muuuuu-24261,株式会社スピークバディ,https://www.speakbuddy.com/,https://muuuuu.org/industry/technology/24261.html,muuuuu,"co,b2b-company",technology,corporate,technology,,https://muuuuu.org/wp-content/uploads/2026/06/21.webp,2026-09-08T17:00:31+09:00
muuuuu-24299,株式会社22世紀アート,https://22art.jp/,https://muuuuu.org/industry/publication/24299.html,muuuuu,"co,b2b-company",publication,corporate,publication,,https://muuuuu.org/wp-content/uploads/2026/06/image-28.webp,2026-09-08T17:00:31+09:00
muuuuu-24303,株式会社ShareDan,https://www.sharedan.co.jp/,https://muuuuu.org/industry/technology/24303.html,muuuuu,"co,b2b-company",technology,corporate,technology,,https://muuuuu.org/wp-content/uploads/2026/06/image-29.webp,2026-09-08T17:00:31+09:00
muuuuu-24312,医療技術評価（HTA）教育プログラム,https://hta-program.jp/,https://muuuuu.org/industry/school/24312.html,muuuuu,service,school,service,school,,https://muuuuu.org/wp-content/uploads/2026/07/301.webp,2026-09-08T17:00:31+09:00
muuuuu-24318,株式会社カオナビ 採用サイト,https://recruit.kaonavi.jp/?link=glonavi,https://muuuuu.org/industry/technology/24318.html,muuuuu,recruit,technology,recruit,technology,,https://muuuuu.org/wp-content/uploads/2026/07/3172.webp,2026-09-08T17:00:31+09:00
muuuuu-24323,おしえて！アミタさん,https://www.amita-oshiete.jp/,https://muuuuu.org/industry/eco/24323.html,muuuuu,"b2b-company,service","eco,eco,eco,eco,eco",service,eco,,https://muuuuu.org/wp-content/uploads/2026/07/01.webp,2026-09-08T17:00:31+09:00
muuuuu-24332,YO KAN KA,https://yokanka.com/,https://muuuuu.org/industry/food/24332.html,muuuuu,brand,food,brand,food,,https://muuuuu.org/wp-content/uploads/2026/07/04.webp,2026-09-08T17:00:31+09:00
muuuuu-24334,めおと | ふたりで楽しむ暮らしのギフト,https://meoto.jp/,https://muuuuu.org/industry/interior/24334.html,muuuuu,brand,interior,brand,interior,,https://muuuuu.org/wp-content/uploads/2026/07/06.webp,2026-09-08T17:00:31+09:00
muuuuu-24342,Rollbahn 25th Anniversary,https://rollbahn.jp/25th/,https://muuuuu.org/industry/interior/24342.html,muuuuu,brand,interior,brand,interior,,https://muuuuu.org/wp-content/uploads/2026/07/07.webp,2026-09-08T17:00:31+09:00
muuuuu-24345,やまうちの鶏,https://yamauchinotori.jp/,https://muuuuu.org/industry/food/24345.html,muuuuu,ec,food,ec,food,,https://muuuuu.org/wp-content/uploads/2026/07/08.webp,2026-09-08T17:00:31+09:00
muuuuu-24351,フラッグシップ株式会社,https://flagship.inc/,https://muuuuu.org/industry/technology/24351.html,muuuuu,b2b-company,technology,corporate,technology,,https://muuuuu.org/wp-content/uploads/2026/07/09.webp,2026-09-08T17:00:31+09:00
muuuuu-24353,金澤工務店,https://kanazawa-c.co.jp/,https://muuuuu.org/industry/building/24353.html,muuuuu,co,building,corporate,building,,https://muuuuu.org/wp-content/uploads/2026/07/10.webp,2026-09-08T17:00:31+09:00
muuuuu-24355,FIGARO,https://www.figaro-vis.jp/,https://muuuuu.org/industry/interior/24355.html,muuuuu,"co,b2b-company",interior,corporate,interior,,https://muuuuu.org/wp-content/uploads/2026/07/11.webp,2026-09-08T17:00:31+09:00
muuuuu-24399,株式会社サンベルクス 採用サイト,https://recruit.sunbelx.com/,https://muuuuu.org/industry/shopping/24399.html,muuuuu,recruit,shopping,recruit,shopping,,https://muuuuu.org/wp-content/uploads/2026/07/12-768x576.webp,2026-09-08T17:00:31+09:00
muuuuu-24408,AAA11Y,https://www.aaa11y.com/,https://muuuuu.org/industry/technology/24408.html,muuuuu,webmagazine,technology,media,technology,,https://muuuuu.org/wp-content/uploads/2026/07/15-768x576.webp,2026-09-08T17:00:31+09:00
muuuuu-24414,株式会社シムディレクト,https://www.symdirect.co.jp/,https://muuuuu.org/industry/technology/24414.html,muuuuu,"co,b2b-company",technology,corporate,technology,,https://muuuuu.org/wp-content/uploads/2026/07/13-768x576.webp,2026-09-08T17:00:31+09:00
muuuuu-24418,GIZMODO JAPAN,https://www.gizmodo.jp/,https://muuuuu.org/industry/technology/24418.html,muuuuu,webmagazine,technology,media,technology,,https://muuuuu.org/wp-content/uploads/2026/07/16-768x576.webp,2026-09-08T17:00:31+09:00
muuuuu-24515,DELFONICS,https://www.delfonics.com/,https://muuuuu.org/industry/interior/24515.html,muuuuu,"b2b-company,brand",interior,brand,interior,,https://muuuuu.org/wp-content/uploads/2026/07/19715-768x576.webp,2026-09-08T17:00:31+09:00
muuuuu-24528,We Inc.,https://wewewe.jp/,,muuuuu,"co,b2b-company",ad,corporate,ad,,https://muuuuu.org/wp-content/uploads/2026/07/20721-768x576.webp,2026-09-08T17:00:31+09:00
muuuuu-24535,RGFプロフェッショナルリクルートメントジャパン,https://www.rgf-professional.jp/,,muuuuu,"b2b-company,service","human-resources,human-resources,human-resources,human-resources,human-resources",service,human-resources,,https://muuuuu.org/wp-content/uploads/2026/07/image-26-768x576.webp,2026-09-08T17:00:31+09:00
muuuuu-24545,採用情報 &#8211; TYO,https://tyo.co.jp/recruit/,https://muuuuu.org/industry/entertainment/24545.html,muuuuu,recruit,entertainment,recruit,entertainment,,https://muuuuu.org/wp-content/uploads/2026/07/31-768x576.webp,2026-09-08T17:00:31+09:00
muuuuu-24559,ETOHA LAB,https://etoha-lab.co.jp/,https://muuuuu.org/industry/art/24559.html,muuuuu,"co,b2b-company",art,corporate,art,,https://muuuuu.org/wp-content/uploads/2026/07/32-768x576.webp,2026-09-08T17:00:31+09:00
muuuuu-24561,WANDY,https://wandy.co.jp/,https://muuuuu.org/industry/building/24561.html,muuuuu,service,building,service,building,,https://muuuuu.org/wp-content/uploads/2026/07/30-1-768x576.webp,2026-09-08T17:00:31+09:00
muuuuu-24564,日本新薬株式会社 | 新卒採用サイト,https://www.nippon-shinyaku.co.jp/recruit/,https://muuuuu.org/industry/hospital/24564.html,muuuuu,recruit,hospital,recruit,hospital,,https://muuuuu.org/wp-content/uploads/2026/07/27-768x576.webp,2026-09-08T17:00:31+09:00
muuuuu-24575,mud Inc.,https://mud.co.jp/,,muuuuu,"co,b2b-company",ad,corporate,ad,,https://muuuuu.org/wp-content/uploads/2026/07/FireShot-Capture-1367-mud-Inc.-mud.co_.jp_-768x576.png,2026-09-08T17:00:31+09:00
muuuuu-24586,EZOBOLIC,https://corp.ezobolic.jp/,https://muuuuu.org/industry/sports/24586.html,muuuuu,"co,recruit",sports,recruit,sports,,https://muuuuu.org/wp-content/uploads/2026/07/FireShot-Capture-1372-EZOBOLIC-Corporate-Site-corp.ezobolic.jp_-768x576.webp,2026-09-08T17:00:31+09:00
muuuuu-24591,株式会社ギフティ,https://giftee.co.jp/,https://muuuuu.org/industry/technology/24591.html,muuuuu,"co,b2b-company",technology,corporate,technology,,https://muuuuu.org/wp-content/uploads/2026/07/0172-768x576.webp,2026-09-08T17:00:31+09:00
muuuuu-24595,採用情報｜株式会社デジタルマーケティングジャパン,https://dmj-japan.co.jp/recruit/,,muuuuu,recruit,ad,recruit,ad,,https://muuuuu.org/wp-content/uploads/2026/08/03-768x576.webp,2026-09-08T17:00:31+09:00
muuuuu-24601,Spark Journal by KDDI,https://spark-journal.kddi.com/,https://muuuuu.org/industry/company/24601.html,muuuuu,owned-media,company,media,company,,https://muuuuu.org/wp-content/uploads/2026/08/04-768x576.webp,2026-09-08T17:00:31+09:00
muuuuu-24605,株式会社ポジティブドリームパーソンズ,https://www.positive.co.jp/,https://muuuuu.org/industry/wedding/24605.html,muuuuu,co,"wedding,wedding,wedding,wedding,wedding",corporate,wedding,,https://muuuuu.org/wp-content/uploads/2026/08/05-768x576.webp,2026-09-08T17:00:31+09:00
muuuuu-24614,ギフティグループ株式会社,https://giftee-group.com/,https://muuuuu.org/industry/technology/24614.html,muuuuu,"co,b2b-company",technology,corporate,technology,,https://muuuuu.org/wp-content/uploads/2026/08/0285-768x576.webp,2026-09-08T17:00:31+09:00
muuuuu-24630,ニシザキ工芸株式会社 塗装部,https://tosou.nishizaki.co.jp/,https://muuuuu.org/industry/interior/24630.html,muuuuu,"b2b-company,service",interior,service,interior,,https://muuuuu.org/wp-content/uploads/2026/08/0887-768x576.webp,2026-09-08T17:00:31+09:00
muuuuu-24660,AFURI BREWING,https://afuribrewing.com/,https://muuuuu.org/industry/food/24660.html,muuuuu,ec,food,ec,food,,https://muuuuu.org/wp-content/uploads/2026/08/14-768x576.webp,2026-09-08T17:00:31+09:00
muuuuu-24662,IDEE INC.,https://idee-kobe.com/,,muuuuu,"co,b2b-company",ad,corporate,ad,,https://muuuuu.org/wp-content/uploads/2026/08/17-768x576.webp,2026-09-08T17:00:31+09:00
muuuuu-24665,NPO法人 日本タイポグラフィ協会,https://typography.or.jp/,https://muuuuu.org/industry/art/24665.html,muuuuu,co,art,corporate,art,,https://muuuuu.org/wp-content/uploads/2026/08/13-768x576.webp,2026-09-08T17:00:31+09:00
muuuuu-24667,TBWA\HAKUHODO,https://www.tbwahakuhodo.co.jp/,,muuuuu,"co,b2b-company",ad,corporate,ad,,https://muuuuu.org/wp-content/uploads/2026/08/18-768x576.webp,2026-09-08T17:00:31+09:00
muuuuu-24669,EIGHT DESIGN INC.,https://eightdesign.co.jp/,https://muuuuu.org/industry/building/24669.html,muuuuu,"co,b2b-company",building,corporate,building,,https://muuuuu.org/wp-content/uploads/2026/08/16-768x576.webp,2026-09-08T17:00:31+09:00
muuuuu-24673,採用サイト｜越前信用金庫,https://www.shinkin.co.jp/echishin/recruit/,https://muuuuu.org/industry/finance/24673.html,muuuuu,recruit,finance,recruit,finance,,https://muuuuu.org/wp-content/uploads/2026/08/12-768x576.webp,2026-09-08T17:00:31+09:00
muuuuu-24700,KINDAI GRAFFITI,https://kindai-graffiti.kindai.ac.jp/,https://muuuuu.org/industry/school/24700.html,muuuuu,webmagazine,school,media,school,,https://muuuuu.org/wp-content/uploads/2026/08/2017-768x576.webp,2026-09-08T17:00:31+09:00
muuuuu-24708,ANDMADE Inc.,https://andmade.jp/,https://muuuuu.org/industry/art/24708.html,muuuuu,b2b-company,art,corporate,art,,https://muuuuu.org/wp-content/uploads/2026/08/mu21-768x576.png,2026-09-08T17:00:31+09:00
muuuuu-24722,VENUS PLANET,https://venusplanet.co.jp/,https://muuuuu.org/industry/company/24722.html,muuuuu,"co,b2b-company",company,corporate,company,,https://muuuuu.org/wp-content/uploads/2026/08/23-768x576.png,2026-09-08T17:00:31+09:00
muuuuu-24724,TRUNK(HOTEL) CAT STREET WEDDING,https://wedding.trunk-hotel.com/catstreet,https://muuuuu.org/industry/wedding/24724.html,muuuuu,service,"wedding,wedding,wedding,wedding,wedding",service,wedding,,https://muuuuu.org/wp-content/uploads/2026/08/image-34-768x576.png,2026-09-08T17:00:31+09:00
muuuuu-24731,STAGE Lab,https://stagelab.inkdom.jp/,https://muuuuu.org/industry/building/24731.html,muuuuu,co,building,corporate,building,,https://muuuuu.org/wp-content/uploads/2026/08/27.png,2026-09-08T17:00:31+09:00
muuuuu-24733,Tarzan Web,https://tarzanweb.jp/,,muuuuu,webmagazine,"healthcare,healthcare,healthcare,healthcare,healthcare",media,healthcare,,https://muuuuu.org/wp-content/uploads/2026/08/29-768x576.png,2026-09-08T17:00:31+09:00
muuuuu-24738,株式会社住宅ファミリー社,https://www.jyuutaku-family.co.jp/,https://muuuuu.org/industry/building/24738.html,muuuuu,"co,b2b-company",building,corporate,building,,https://muuuuu.org/wp-content/uploads/2026/08/29-1-768x576.png,2026-09-08T17:00:31+09:00
muuuuu-24748,株式会社トンマナ,https://tonmana.co.jp/,,muuuuu,"co,b2b-company",ad,corporate,ad,,https://muuuuu.org/wp-content/uploads/2026/08/3027-768x576.png,2026-09-08T17:00:31+09:00
muuuuu-24766,JR東日本 障がい者採用,https://recruit-diversity.jreast.co.jp/,https://muuuuu.org/industry/car/24766.html,muuuuu,recruit,car,recruit,car,,https://muuuuu.org/wp-content/uploads/2026/08/01-768x576.jpg,2026-09-08T17:00:31+09:00
muuuuu-24785,株式会社COC,https://companycoc.com/,https://muuuuu.org/industry/food/24785.html,muuuuu,co,food,corporate,food,,https://muuuuu.org/wp-content/uploads/2026/09/image-5-768x576.png,2026-09-08T17:00:31+09:00
muuuuu-24793,MEDIUM,https://mediumlab.jp/,,muuuuu,service,ad,service,ad,,https://muuuuu.org/wp-content/uploads/2026/09/06-768x576.png,2026-09-08T17:00:31+09:00
muuuuu-24797,株式会社昭和設計,https://www.showa-sekkei.co.jp/,https://muuuuu.org/industry/building/24797.html,muuuuu,"co,b2b-company",building,corporate,building,,https://muuuuu.org/wp-content/uploads/2026/09/7-768x576.png,2026-09-08T17:00:31+09:00
muuuuu-24801,自社ECブランド事例祭,https://corekara.co.jp/scratch/20260826_conference/,,muuuuu,brand,ad,brand,ad,,https://muuuuu.org/wp-content/uploads/2026/09/8-768x576.png,2026-09-08T17:00:31+09:00
muuuuu-24804,DOD,https://www.dod.camp/,https://muuuuu.org/industry/sports/24804.html,muuuuu,brand,sports,brand,sports,,https://muuuuu.org/wp-content/uploads/2026/09/kv2400_1800-768x576.jpg,2026-09-08T17:00:31+09:00
muuuuu-7991,http://cocolo.jp/,http://cocolo.jp/,https://muuuuu.org/industry/entertainment/7991.html,muuuuu,portal,entertainment,public,entertainment,,,2026-09-08T17:00:31+09:00
muuuuu-8087,http://www.bob-an.com/,http://www.bob-an.com/,https://muuuuu.org/industry/beauty/8087.html,muuuuu,portal,beauty,public,beauty,,,2026-09-08T17:00:31+09:00
muuuuu-8158,http://www.jr-fukumimi.com/,http://www.jr-fukumimi.com/,https://muuuuu.org/industry/area/8158.html,muuuuu,portal,area,public,area,,,2026-09-08T17:00:31+09:00
muuuuu-8197,http://koshien.asahi.co.jp/,http://koshien.asahi.co.jp/,https://muuuuu.org/industry/sports/8197.html,muuuuu,portal,sports,public,sports,,,2026-09-08T17:00:31+09:00
muuuuu-8207,http://gqjapan.jp/,http://gqjapan.jp/,https://muuuuu.org/industry/publication/8207.html,muuuuu,portal,publication,public,publication,,,2026-09-08T17:00:31+09:00
muuuuu-8231,http://mag.puma.jp/,http://mag.puma.jp/,https://muuuuu.org/industry/sports/8231.html,muuuuu,portal,sports,public,sports,,,2026-09-08T17:00:31+09:00
muuuuu-8239,http://smile-tohoku.jp/,http://smile-tohoku.jp/,https://muuuuu.org/industry/area/8239.html,muuuuu,portal,area,public,area,,,2026-09-08T17:00:31+09:00
muuuuu-8355,http://type.center/,http://type.center/,https://muuuuu.org/industry/publication/8355.html,muuuuu,portal,publication,public,publication,,,2026-09-08T17:00:31+09:00
muuuuu-8391,http://liginc.co.jp/,http://liginc.co.jp/,,muuuuu,portal,,public,other,,,2026-09-08T17:00:31+09:00
muuuuu-8434,http://www.smile-navi-web.com/,http://www.smile-navi-web.com/,https://muuuuu.org/industry/school/8434.html,muuuuu,portal,school,public,school,,,2026-09-08T17:00:31+09:00
muuuuu-8441,https://lidea.today/,https://lidea.today/,,muuuuu,portal,education-service,public,education-service,,,2026-09-08T17:00:31+09:00
muuuuu-8451,http://www.newyorker.co.jp/magazine/,http://www.newyorker.co.jp/magazine/,https://muuuuu.org/industry/area/8451.html,muuuuu,portal,area,public,area,,,2026-09-08T17:00:31+09:00
muuuuu-8484,http://careerconnection.jp/,http://careerconnection.jp/,https://muuuuu.org/industry/finance/8484.html,muuuuu,portal,"finance,group",public,finance,,,2026-09-08T17:00:31+09:00
muuuuu-8512,http://cca-cloud.com/,http://cca-cloud.com/,https://muuuuu.org/industry/technology/8512.html,muuuuu,portal,technology,public,technology,,,2026-09-08T17:00:31+09:00
muuuuu-8517,http://gqjapan.jp/moty/,http://gqjapan.jp/moty/,https://muuuuu.org/industry/fashionall/8517.html,muuuuu,portal,group,public,group,,,2026-09-08T17:00:31+09:00
muuuuu-8522,http://www.diastandard.com/,http://www.diastandard.com/,https://muuuuu.org/industry/interior/8522.html,muuuuu,portal,interior,public,interior,,,2026-09-08T17:00:31+09:00
muuuuu-8596,http://nihombashi-tokyo.com/jp/,http://nihombashi-tokyo.com/jp/,https://muuuuu.org/industry/area/8596.html,muuuuu,portal,area,public,area,,,2026-09-08T17:00:31+09:00
muuuuu-8646,http://www.glam.jp/,http://www.glam.jp/,https://muuuuu.org/industry/fashion/8646.html,muuuuu,portal,fashion,public,fashion,,,2026-09-08T17:00:31+09:00
muuuuu-8649,http://www.eyescream.jp/,http://www.eyescream.jp/,https://muuuuu.org/industry/fashionall/8649.html,muuuuu,portal,fashionall,public,fashionall,,,2026-09-08T17:00:31+09:00
muuuuu-8708,http://www.hinagata-mag.com/,http://www.hinagata-mag.com/,https://muuuuu.org/industry/area/8708.html,muuuuu,portal,area,public,area,,,2026-09-08T17:00:31+09:00
muuuuu-8737,http://www.bloomberg.com/,http://www.bloomberg.com/,https://muuuuu.org/industry/publication/8737.html,muuuuu,portal,"finance,publication",public,finance,,,2026-09-08T17:00:31+09:00
muuuuu-8798,http://www.cigr.co.jp/pj/contents/,http://www.cigr.co.jp/pj/contents/,https://muuuuu.org/industry/building/8798.html,muuuuu,portal,building,public,building,,,2026-09-08T17:00:31+09:00
muuuuu-8814,http://con-trast.jp/,http://con-trast.jp/,https://muuuuu.org/industry/music/8814.html,muuuuu,portal,music,public,music,,,2026-09-08T17:00:31+09:00
muuuuu-8950,http://www.eurosport.fr/,http://www.eurosport.fr/,https://muuuuu.org/industry/sports/8950.html,muuuuu,portal,sports,public,sports,,,2026-09-08T17:00:31+09:00
muuuuu-8959,http://www.nambaparks.com/,http://www.nambaparks.com/,https://muuuuu.org/industry/shopping/8959.html,muuuuu,portal,shopping,public,shopping,,,2026-09-08T17:00:31+09:00
muuuuu-8974,http://rqplus.jp/,http://rqplus.jp/,https://muuuuu.org/industry/area/8974.html,muuuuu,portal,area,public,area,,,2026-09-08T17:00:31+09:00
muuuuu-8976,http://www.onthegrid.nyc/,http://www.onthegrid.nyc/,https://muuuuu.org/industry/art/8976.html,muuuuu,portal,art,public,art,,,2026-09-08T17:00:31+09:00
muuuuu-9029,http://www.nikon-image.com/sp/my_nikkor/,http://www.nikon-image.com/sp/my_nikkor/,https://muuuuu.org/industry/electrical/9029.html,muuuuu,portal,electrical,public,electrical,,,2026-09-08T17:00:31+09:00
muuuuu-9061,http://kinoiglu.com/,http://kinoiglu.com/,https://muuuuu.org/industry/entertainment/9061.html,muuuuu,portal,entertainment,public,entertainment,,,2026-09-08T17:00:31+09:00
muuuuu-9070,http://c-m.co.jp/,http://c-m.co.jp/,https://muuuuu.org/industry/art/9070.html,muuuuu,portal,art,public,art,,,2026-09-08T17:00:31+09:00
muuuuu-9178,http://sustoco.concentinc.jp/,http://sustoco.concentinc.jp/,https://muuuuu.org/industry/art/9178.html,muuuuu,portal,art,public,art,,,2026-09-08T17:00:31+09:00
muuuuu-9309,http://www.fubiz.net/,http://www.fubiz.net/,https://muuuuu.org/industry/art/9309.html,muuuuu,portal,art,public,art,,,2026-09-08T17:00:31+09:00
muuuuu-9337,http://craftsmanpark.com/,http://craftsmanpark.com/,https://muuuuu.org/industry/wedding/9337.html,muuuuu,portal,"wedding,wedding,wedding,wedding,wedding",public,wedding,,,2026-09-08T17:00:31+09:00
muuuuu-9345,https://mobareco.jp/,https://mobareco.jp/,https://muuuuu.org/industry/technology/9345.html,muuuuu,portal,electrical,public,electrical,,,2026-09-08T17:00:31+09:00
muuuuu-9363,http://www.cssdesignawards.com/,http://www.cssdesignawards.com/,https://muuuuu.org/industry/art/9363.html,muuuuu,portal,art,public,art,,,2026-09-08T17:00:31+09:00
muuuuu-9418,https://creatorsbank.com/,https://creatorsbank.com/,https://muuuuu.org/industry/art/9418.html,muuuuu,portal,art,public,art,,,2026-09-08T17:00:31+09:00
muuuuu-9453,http://www.redbull.com/jp/ja,http://www.redbull.com/jp/ja,https://muuuuu.org/industry/food/9453.html,muuuuu,portal,food,public,food,,,2026-09-08T17:00:31+09:00
muuuuu-9531,http://www.leon.jp/,http://www.leon.jp/,https://muuuuu.org/industry/publication/9531.html,muuuuu,portal,publication,public,publication,,,2026-09-08T17:00:31+09:00
muuuuu-9536,http://hinoyoko.com/,http://hinoyoko.com/,https://muuuuu.org/industry/kids/9536.html,muuuuu,portal,"kids,kids,kids,kids,kids",public,kids,,,2026-09-08T17:00:31+09:00
muuuuu-9676,http://tjokayama.jp/,http://tjokayama.jp/,https://muuuuu.org/industry/shopping/9676.html,muuuuu,portal,shopping,public,shopping,,,2026-09-08T17:00:31+09:00
muuuuu-9731,https://ztokyo.net/,https://ztokyo.net/,https://muuuuu.org/industry/area/9731.html,muuuuu,"owned-media,portal",area,media,area,,,2026-09-08T17:00:31+09:00
muuuuu-9786,http://www.thesocialitefamily.com/,http://www.thesocialitefamily.com/,https://muuuuu.org/industry/interior/9786.html,muuuuu,portal,interior,public,interior,,,2026-09-08T17:00:31+09:00
muuuuu-9801,http://www.ana.co.jp/asw/index.jsp?type=v,http://www.ana.co.jp/asw/index.jsp?type=v,https://muuuuu.org/industry/trip/9801.html,muuuuu,portal,trip,public,trip,,,2026-09-08T17:00:31+09:00
muuuuu-9894,https://www.space10.io/,https://www.space10.io/,https://muuuuu.org/industry/shopping/9894.html,muuuuu,owned-media,shopping,media,shopping,,,2026-09-08T17:00:31+09:00
muuuuu-9951,http://www.campjo.com/mamechishiki/,http://www.campjo.com/mamechishiki/,https://muuuuu.org/industry/entertainment/9951.html,muuuuu,owned-media,entertainment,media,entertainment,,,2026-09-08T17:00:31+09:00
muuuuu-9979,http://makemylemonade.com/,http://makemylemonade.com/,https://muuuuu.org/industry/fashion/9979.html,muuuuu,owned-media,fashion,media,fashion,,,2026-09-08T17:00:31+09:00
